0 0
0.0078125 7.8125e-005
0.015625 0.000156555128097534
0.0234375 0.000235291480086133
0.03125 0.000314335154913965
0.0390625 0.000393687254686366
0.046875 0.000473348884668309
0.0546875 0.000553321153286805
0.0625 0.000633605172133248
0.0703125 0.00071420205596569
0.078125 0.00079511292271105
0.0859375 0.000876338893467266
0.09375 0.000957881092505371
0.1015625 0.00103974064727151
0.109375 0.00112191868838887
0.1171875 0.00120441634965958
0.125 0.0012872347680665
0.1328125 0.00137037508377498
0.140625 0.00145383844013449
0.1484375 0.00153762598368025
0.15625 0.00162173886413474
0.1640625 0.00170617823440914
0.171875 0.00179094525060475
0.1796875 0.00187604107201421
0.1875 0.00196146686112283
0.1953125 0.00204722378360966
0.203125 0.0021333130083486
0.2109375 0.00221973570740941
0.21875 0.00230649305605858
0.2265625 0.00239358623276023
0.234375 0.00248101641917684
0.2421875 0.00256878480016994
0.25 0.00265689256380068
0.2578125 0.00274534090133041
0.265625 0.00283413100722104
0.2734375 0.00292326407913545
0.28125 0.00301274131793772
0.2890625 0.00310256392769335
0.296875 0.0031927331156693
0.3046875 0.00328325009233404
0.3125 0.00337411607135746
0.3203125 0.00346533226961071
0.328125 0.00355689990716592
0.3359375 0.00364882020729586
0.34375 0.00374109439647354
0.3515625 0.00383372370437162
0.359375 0.00392670936386181
0.3671875 0.00402005261101417
0.375 0.00411375468509629
0.3828125 0.00420781682857238
0.390625 0.00430224028710225
0.3984375 0.00439702630954024
0.40625 0.00449217614793402
0.4140625 0.00458769105752326
0.421875 0.00468357229673828
0.4296875 0.00477982112719852
0.4375 0.00487643881371095
0.4453125 0.00497342662426838
0.453125 0.00507078583004766
0.4609375 0.00516851770540773
0.46875 0.00526662352788768
0.4765625 0.00536510457820455
0.484375 0.00546396214025117
0.4921875 0.00556319750109379
0.5 0.00566281195096965
0.5078125 0.00576280678328444
0.515625 0.0058631832946096
0.5234375 0.00596394278467959
0.53125 0.00606508655638897
0.5390625 0.00616661591578943
0.546875 0.00626853217208663
0.5546875 0.00637083663763702
0.5625 0.00647353062794449
0.5703125 0.00657661546165684
0.578125 0.00668009246056229
0.5859375 0.00678396294958573
0.59375 0.00688822825678488
0.6015625 0.0069928897133464
0.609375 0.00709794865358179
0.6171875 0.00720340641492321
0.625 0.00730926433791918
0.6328125 0.0074155237662301
0.640625 0.00752218604662375
0.6484375 0.00762925252897056
0.65625 0.0077367245662388
0.6640625 0.00784460351448962
0.671875 0.00795289073287201
0.6796875 0.00806158758361753
0.6875 0.00817069543203503
0.6953125 0.00828021564650515
0.703125 0.00839014959847468
0.7109375 0.00850049866245087
0.71875 0.00861126421599552
0.7265625 0.00872244763971896
0.734375 0.00883405031727389
0.7421875 0.00894607363534912
0.75 0.00905851898366307
0.7578125 0.00917138775495724
0.765625 0.00928468134498948
0.7734375 0.00939840115252711
0.78125 0.00951254857933992
0.7890625 0.00962712503019302
0.796875 0.0097421319128395
0.8046875 0.00985757063801303
0.8125 0.00997344261942025
0.8203125 0.010089749273733
0.828125 0.0102064920205803
0.8359375 0.0103236722825406
0.84375 0.0104412914851334
0.8515625 0.0105593510568107
0.859375 0.0106778524289487
0.8671875 0.0107967970358391
0.875 0.0109161863146804
0.8828125 0.0110360217055686
0.890625 0.0111563046514881
0.8984375 0.0112770365983027
0.90625 0.0113982189947458
0.9140625 0.0115198532924108
0.921875 0.0116419409457414
0.9296875 0.0117644834120218
0.9375 0.011887482151366
0.9453125 0.0120109386267081
0.953125 0.0121348543037914
0.9609375 0.0122592306511579
0.96875 0.0123840691401378
0.9765625 0.0125093712448378
0.984375 0.0126351384421306
0.9921875 0.0127613722116432
1 0.0128880740357455
1.0078125 0.0130152453995386
1.015625 0.013142887790843
1.0234375 0.0132710027001863
1.03125 0.0133995916207912
1.0390625 0.013528656048563
1.046875 0.013658197482077
1.0546875 0.0137882174225659
1.0625 0.0139187173739065
1.0703125 0.0140496988426066
1.078125 0.0141811633377921
1.0859375 0.0143131123711927
1.09375 0.014445547457129
1.1015625 0.014578470112498
1.109375 0.0147118818567591
1.1171875 0.0148457842119202
1.125 0.0149801787025225
1.1328125 0.0151150668556264
1.140625 0.0152504502007964
1.1484375 0.015386330270086
1.15625 0.0155227085980225
1.1640625 0.0156595867215912
1.171875 0.0157969661802201
1.1796875 0.0159348485157639
1.1875 0.0160732352724878
1.1953125 0.0162121279970513
1.203125 0.0163515282384914
1.2109375 0.0164914375482063
1.21875 0.0166318574799383
1.2265625 0.0167727895897566
1.234375 0.0169142354360398
1.2421875 0.0170561965794588
1.25 0.0171986745829586
1.2578125 0.0173416710117404
1.265625 0.0174851874332435
1.2734375 0.0176292254171266
1.28125 0.0177737865352497
1.2890625 0.0179188723616546
1.296875 0.0180644844725461
1.3046875 0.0182106244462728
1.3125 0.0183572938633073
1.3203125 0.0185044943062266
1.328125 0.0186522273596921
1.3359375 0.0188004946104293
1.34375 0.0189492976472076
1.3515625 0.0190986380608192
1.359375 0.0192485174440585
1.3671875 0.0193989373917009
1.375 0.0195498995004816
1.3828125 0.0197014053690735
1.390625 0.0198534565980658
1.3984375 0.0200060547899419
1.40625 0.0201592015490569
1.4140625 0.0203128984816149
1.421875 0.0204671471956468
1.4296875 0.0206219493009866
1.4375 0.0207773064092485
1.4453125 0.0209332201338032
1.453125 0.0210896920897542
1.4609375 0.0212467238939139
1.46875 0.021404317164779
1.4765625 0.0215624735225063
1.484375 0.0217211945888879
1.4921875 0.021880481987326
1.5 0.0220403373428078
1.5078125 0.0222007622818798
1.515625 0.0223617584326223
1.5234375 0.0225233274246232
1.53125 0.0226854708889516
1.5390625 0.0228481904581315
1.546875 0.0230114877661147
1.5546875 0.0231753644482541
1.5625 0.0233398221412762
1.5703125 0.0235048624832531
1.578125 0.0236704871135755
1.5859375 0.0238366976729239
1.59375 0.0240034958032404
1.6015625 0.0241708831477001
1.609375 0.0243388613506823
1.6171875 0.0245074320577408
1.625 0.0246765969155752
1.6328125 0.0248463575720006
1.640625 0.0250167156759179
1.6484375 0.0251876728772831
1.65625 0.0253592308270774
1.6640625 0.0255313911772758
1.671875 0.0257041555808163
1.6796875 0.0258775256915686
1.6875 0.0260515031643019
1.6953125 0.0262260896546537
1.703125 0.0264012868190971
1.7109375 0.0265770963149084
1.71875 0.0267535198001343
1.7265625 0.0269305589335591
1.734375 0.0271082153746709
1.7421875 0.0272864907836282
1.75 0.0274653868212261
1.7578125 0.0276449051488618
1.765625 0.0278250474285004
1.7734375 0.0280058153226399
1.78125 0.0281872104942761
1.7890625 0.0283692346068674
1.796875 0.0285518893242991
1.8046875 0.0287351763108472
1.8125 0.0289190972311426
1.8203125 0.0291036537501341
1.828125 0.0292888475330517
1.8359375 0.0294746802453698
1.84375 0.0296611535527691
1.8515625 0.0298482691210996
1.859375 0.030036028616342
1.8671875 0.0302244337045696
1.875 0.0304134860519096
1.8828125 0.0306031873245043
1.890625 0.0307935391884718
1.8984375 0.0309845433098662
1.90625 0.0311762013546381
1.9140625 0.0313685149885945
1.921875 0.0315614858773578
1.9296875 0.0317551156863258
1.9375 0.0319494060806297
1.9453125 0.0321443587250939
1.953125 0.0323399752841931
1.9609375 0.0325362574220112
1.96875 0.0327332068021985
1.9765625 0.0329308250879293
1.984375 0.0331291139418589
1.9921875 0.0333280750260805
2 0.0335277100020812
2.0078125 0.0337280205306988
2.015625 0.0339290082720772
2.0234375 0.0341306748856218
2.03125 0.0343330220299551
2.0390625 0.0345360513628713
2.046875 0.0347397645412908
2.0546875 0.0349441632212147
2.0625 0.0351492490576786
2.0703125 0.0353550237047061
2.078125 0.0355614888152623
2.0859375 0.0357686460412066
2.09375 0.0359764970332455
2.1015625 0.0361850434408849
2.109375 0.036394286912382
2.1171875 0.036604229094697
2.125 0.0368148716334449
2.1328125 0.037026216172846
2.140625 0.0372382643556768
2.1484375 0.0374510178232207
2.15625 0.0376644782152177
2.1640625 0.0378786471698144
2.171875 0.0380935263235136
2.1796875 0.0383091173111229
2.1875 0.0385254217657042
2.1953125 0.0387424413185216
2.203125 0.0389601775989899
2.2109375 0.0391786322346223
2.21875 0.0393978068509781
2.2265625 0.0396177030716095
2.234375 0.039838322518009
2.2421875 0.0400596668095555
2.25 0.0402817375634609
2.2578125 0.0405045363947156
2.265625 0.0407280649160344
2.2734375 0.0409523247378016
2.28125 0.0411773174680162
2.2890625 0.0414030447122361
2.296875 0.0416295080735227
2.3046875 0.0418567091523845
2.3125 0.0420846495467214
2.3203125 0.0423133308517675
2.328125 0.042542754660034
2.3359375 0.0427729225612523
2.34375 0.0430038361423164
2.3515625 0.0432354969872242
2.359375 0.0434679066770201
2.3671875 0.043701066789736
2.375 0.0439349789003321
2.3828125 0.0441696445806383
2.390625 0.0444050653992941
2.3984375 0.0446412429216889
2.40625 0.0448781787099018
2.4140625 0.0451158743226411
2.421875 0.0453543313151835
2.4296875 0.0455935512393127
2.4375 0.0458335356432584
2.4453125 0.0460742860716339
2.453125 0.0463158040653746
2.4609375 0.0465580911616751
2.46875 0.0468011488939268
2.4765625 0.0470449787916547
2.484375 0.0472895823804541
2.4921875 0.0475349611819268
2.5 0.0477811167136174
2.5078125 0.0480280504889487
2.515625 0.0482757640171573
2.5234375 0.0485242588032287
2.53125 0.048773536347832
2.5390625 0.0490235981472542
2.546875 0.0492744456933348
2.5546875 0.0495260804733995
2.5625 0.0497785039701936
2.5703125 0.0500317176618154
2.578125 0.0502857230216491
2.5859375 0.0505405215182976
2.59375 0.0507961146155149
2.6015625 0.0510525037721377
2.609375 0.0513096904420179
2.6171875 0.0515676760739535
2.625 0.05182646211162
2.6328125 0.0520860499935012
2.640625 0.0523464411528202
2.6484375 0.052607637017469
2.65625 0.0528696390099391
2.6640625 0.053132448547251
2.671875 0.0533960670408838
2.6796875 0.0536604958967042
2.6875 0.0539257365148954
2.6953125 0.0541917902898858
2.703125 0.0544586586102774
2.7109375 0.0547263428587735
2.71875 0.054994844412107
2.7265625 0.0552641646409675
2.734375 0.0555343049099286
2.7421875 0.055805266577375
2.75 0.056077050995429
2.7578125 0.0563496595098772
2.765625 0.0566230934600964
2.7734375 0.0568973541789797
2.78125 0.0571724429928619
2.7890625 0.0574483612214452
2.796875 0.057725110177724
2.8046875 0.0580026911679102
2.8125 0.0582811054913573
2.8203125 0.0585603544404853
2.828125 0.0588404393007045
2.8359375 0.0591213613503392
2.84375 0.0594031218605521
2.8515625 0.059685722095267
2.859375 0.059969163311092
2.8671875 0.0602534467572429
2.875 0.0605385736754655
2.8828125 0.0608245452999582
2.890625 0.0611113628572944
2.8984375 0.0613990275663442
2.90625 0.0616875406381964
2.9140625 0.06197690327608
2.921875 0.0622671166752859
2.9296875 0.0625581820230874
2.9375 0.0628501004986616
2.9453125 0.0631428732730104
2.953125 0.0634365015088802
2.9609375 0.063730986360683
2.96875 0.0640263289744161
2.9765625 0.0643225304875822
2.984375 0.0646195920291093
2.9921875 0.0649175147192698
3 0.0652162996696003
3.0078125 0.0655159479828207
3.015625 0.0658164607527529
3.0234375 0.0661178390642401
3.03125 0.066420083993065
3.0390625 0.0667231966058688
3.046875 0.0670271779600691
3.0546875 0.067332029103778
3.0625 0.0676377510757206
3.0703125 0.0679443449051525
3.078125 0.0682518116117774
3.0859375 0.0685601522056649
3.09375 0.0688693676871678
3.1015625 0.0691794590468393
3.109375 0.0694904272653503
3.1171875 0.0698022733134062
3.125 0.0701149981516639
3.1328125 0.0704286027306484
3.140625 0.0707430879906698
3.1484375 0.0710584548617391
3.15625 0.0713747042634855
3.1640625 0.0716918371050718
3.171875 0.0720098542851111
3.1796875 0.0723287566915829
3.1875 0.0726485452017489
3.1953125 0.0729692206820687
3.203125 0.0732907839881163
3.2109375 0.0736132359644949
3.21875 0.0739365774447534
3.2265625 0.0742608092513013
3.234375 0.0745859321953247
3.2421875 0.0749119470767014
3.25 0.0752388546839164
3.2578125 0.0755666557939774
3.265625 0.0758953511723298
3.2734375 0.0762249415727719
3.28125 0.0765554277373705
3.2890625 0.0768868103963754
3.296875 0.0772190902681353
3.3046875 0.0775522680590121
3.3125 0.0778863444632965
3.3203125 0.078221320163123
3.328125 0.0785571958283847
3.3359375 0.0788939721166486
3.34375 0.0792316496730703
3.3515625 0.0795702291303095
3.359375 0.0799097111084447
3.3671875 0.0802500962148884
3.375 0.080591385044302
3.3828125 0.0809335781785113
3.390625 0.0812766761864213
3.3984375 0.0816206796239315
3.40625 0.0819655890338509
3.4140625 0.0823114049458139
3.421875 0.0826581278761948
3.4296875 0.0830057583280237
3.4375 0.0833542967909018
3.4453125 0.083703743740917
3.453125 0.0840540996405593
3.4609375 0.0844053649386366
3.46875 0.0847575400701905
3.4765625 0.0851106254564119
3.484375 0.0854646215045574
3.4921875 0.0858195286078649
3.5 0.0861753471454701
3.5078125 0.0865320774823223
3.515625 0.0868897199691017
3.5234375 0.0872482749421348
3.53125 0.0876077427233121
3.5390625 0.0879681236200041
3.546875 0.0883294179249789
3.5546875 0.088691625916319
3.5625 0.0890547478573383
3.5703125 0.0894187839965003
3.578125 0.089783734567335
3.5859375 0.090149599788357
3.59375 0.0905163798629834
3.6015625 0.090884074979452
3.609375 0.09125268531074
3.6171875 0.0916222110144818
3.625 0.0919926522328885
3.6328125 0.0923640090926666
3.640625 0.0927362817049374
3.6484375 0.0931094701651563
3.65625 0.0934835745530324
3.6640625 0.0938585949324488
3.671875 0.0942345313513826
3.6796875 0.0946113838418254
3.6875 0.0949891524197039
3.6953125 0.0953678370848011
3.703125 0.0957474378206774
3.7109375 0.0961279545945924
3.71875 0.0965093873574264
3.7265625 0.096891736043603
3.734375 0.0972750005710113
3.7421875 0.0976591808409286
3.75 0.0980442767379438
3.7578125 0.0984302881298805
3.765625 0.0988172148677212
3.7734375 0.099205056785531
3.78125 0.0995938137003821
3.7890625 0.099983485412279
3.796875 0.100374071704083
3.8046875 0.100765572341439
3.8125 0.101157987072701
3.8203125 0.101551315628855
3.828125 0.101945557723452
3.8359375 0.102340713052532
3.84375 0.102736781294549
3.8515625 0.103133762110303
3.859375 0.103531655142866
3.8671875 0.103930460017513
3.875 0.104330176341648
3.8828125 0.104730803704737
3.890625 0.105132341678235
3.8984375 0.105534789815519
3.90625 0.105938147651819
3.9140625 0.106342414704147
3.921875 0.106747590471233
3.9296875 0.107153674433453
3.9375 0.107560666052766
3.9453125 0.107968564772647
3.953125 0.108377370018016
3.9609375 0.10878708119518
3.96875 0.109197697691763
3.9765625 0.109609218876643
3.984375 0.11002164409989
3.9921875 0.110434972692699
4 0.110849203967329
4.0078125 0.111264337217044
4.015625 0.111680371716045
4.0234375 0.112097306719415
4.03125 0.112515141463056
4.0390625 0.112933875163627
4.046875 0.113353507018489
4.0546875 0.113774036205644
4.0625 0.114195461883677
4.0703125 0.114617783191701
4.078125 0.115040999249295
4.0859375 0.115465109156454
4.09375 0.11589011199353
4.1015625 0.116316006821178
4.109375 0.116742792680301
4.1171875 0.117170468591999
4.125 0.117599033557514
4.1328125 0.118028486558179
4.140625 0.118458826555366
4.1484375 0.118890052490434
4.15625 0.119322163284685
4.1640625 0.119755157839305
4.171875 0.120189035035325
4.1796875 0.120623793733567
4.1875 0.121059432774599
4.1953125 0.121495950978689
4.203125 0.121933347145761
4.2109375 0.122371620055344
4.21875 0.122810768466537
4.2265625 0.123250791117958
4.234375 0.123691686727707
4.2421875 0.124133453993319
4.25 0.124576091591727
4.2578125 0.125019598179224
4.265625 0.125463972391417
4.2734375 0.125909212843195
4.28125 0.126355318128685
4.2890625 0.126802286821224
4.296875 0.127250117473314
4.3046875 0.127698808616593
4.3125 0.128148358761797
4.3203125 0.128598766398731
4.328125 0.129050029996232
4.3359375 0.129502148002139
4.34375 0.129955118843263
4.3515625 0.130408940925357
4.359375 0.130863612633087
4.3671875 0.131319132330003
4.375 0.131775498358511
4.3828125 0.132232709039852
4.390625 0.13269076267407
4.3984375 0.133149657539992
4.40625 0.133609391895203
4.4140625 0.134069963976023
4.421875 0.134531371997488
4.4296875 0.134993614153325
4.4375 0.135456688615938
4.4453125 0.135920593536385
4.453125 0.136385327044361
4.4609375 0.136850887248183
4.46875 0.137317272234772
4.4765625 0.137784480069643
4.484375 0.138252508796883
4.4921875 0.138721356439147
4.5 0.139191020997641
4.5078125 0.139661500452113
4.515625 0.140132792760844
4.5234375 0.140604895860637
4.53125 0.141077807666811
4.5390625 0.141551526073197
4.546875 0.142026048952126
4.5546875 0.142501374154432
4.5625 0.142977499509442
4.5703125 0.143454422824979
4.578125 0.143932141887357
4.5859375 0.144410654461384
4.59375 0.144889958290358
4.6015625 0.145370051096076
4.609375 0.145850930578828
4.6171875 0.146332594417412
4.625 0.146815040269129
4.6328125 0.147298265769796
4.640625 0.14778226853375
4.6484375 0.148267046153858
4.65625 0.148752596201528
4.6640625 0.149238916226716
4.671875 0.149726003757941
4.6796875 0.150213856302298
4.6875 0.150702471345469
4.6953125 0.151191846351744
4.703125 0.15168197876403
4.7109375 0.152172866003875
4.71875 0.152664505471486
4.7265625 0.153156894545742
4.734375 0.153650030584227
4.7421875 0.154143910923239
4.75 0.154638532877824
4.7578125 0.155133893741795
4.765625 0.15562999078776
4.7734375 0.156126821267145
4.78125 0.156624382410227
4.7890625 0.157122671426163
4.796875 0.157621685503014
4.8046875 0.158121421807785
4.8125 0.158621877486452
4.8203125 0.159123049663998
4.828125 0.159624935444448
4.8359375 0.160127531910906
4.84375 0.16063083612559
4.8515625 0.161134845129875
4.859375 0.161639555944327
4.8671875 0.162144965568751
4.875 0.162651070982228
4.8828125 0.163157869143162
4.890625 0.16366535698932
4.8984375 0.164173531437884
4.90625 0.164682389385494
4.9140625 0.165191927708299
4.921875 0.165702143262004
4.9296875 0.166213032881921
4.9375 0.166724593383024
4.9453125 0.167236821559998
4.953125 0.167749714187299
4.9609375 0.168263268019203
4.96875 0.168777479789868
4.9765625 0.169292346213389
4.984375 0.16980786398386
4.9921875 0.170324029775432
5 0.170840840242375
5.0078125 0.171358292019145
5.015625 0.17187638172044
5.0234375 0.172395105941276
5.03125 0.172914461257042
5.0390625 0.173434444223579
5.046875 0.17395505137724
5.0546875 0.174476279234967
5.0625 0.174998124294356
5.0703125 0.175520583033736
5.078125 0.176043651912239
5.0859375 0.176567327369875
5.09375 0.177091605827613
5.1015625 0.177616483687451
5.109375 0.178141957332499
5.1171875 0.178668023127062
5.125 0.179194677416713
5.1328125 0.179721916528384
5.140625 0.180249736770443
5.1484375 0.180778134432782
5.15625 0.181307105786903
5.1640625 0.181836647086001
5.171875 0.18236675456506
5.1796875 0.182897424440934
5.1875 0.183428652912445
5.1953125 0.183960436160468
5.203125 0.18449277034803
5.2109375 0.185025651620399
5.21875 0.185559076105186
5.2265625 0.186093039912432
5.234375 0.186627539134716
5.2421875 0.187162569847247
5.25 0.187698128107964
5.2578125 0.188234209957642
5.265625 0.188770811419989
5.2734375 0.189307928501753
5.28125 0.189845557192825
5.2890625 0.190383693466345
5.296875 0.190922333278809
5.3046875 0.191461472570174
5.3125 0.192001107263974
5.3203125 0.192541233267422
5.328125 0.193081846471528
5.3359375 0.193622942751207
5.34375 0.194164517965394
5.3515625 0.19470656795716
5.359375 0.195249088553823
5.3671875 0.195792075567072
5.375 0.196335524793077
5.3828125 0.196879432012614
5.390625 0.197423792991182
5.3984375 0.197968603479124
5.40625 0.19851385921175
5.4140625 0.199059555909458
5.421875 0.199605689277864
5.4296875 0.200152255007917
5.4375 0.200699248776036
5.4453125 0.201246666244229
5.453125 0.201794503060227
5.4609375 0.202342754857608
5.46875 0.202891417255932
5.4765625 0.203440485860868
5.484375 0.20398995626433
5.4921875 0.204539824044607
5.5 0.205090084766498
5.5078125 0.205640733981449
5.515625 0.206191767227686
5.5234375 0.206743180030353
5.53125 0.207294967901651
5.5390625 0.207847126340975
5.546875 0.208399650835055
5.5546875 0.208952536858097
5.5625 0.209505779871922
5.5703125 0.210059375326111
5.578125 0.210613318658147
5.5859375 0.211167605293561
5.59375 0.211722230646071
5.6015625 0.212277190117738
5.609375 0.212832479099101
5.6171875 0.213388092969336
5.625 0.213944027096396
5.6328125 0.214500276837161
5.640625 0.215056837537594
5.6484375 0.215613704532884
5.65625 0.216170873147603
5.6640625 0.216728338695856
5.671875 0.217286096481435
5.6796875 0.21784414179797
5.6875 0.21840246992909
5.6953125 0.21896107614857
5.703125 0.219519955720493
5.7109375 0.220079103899405
5.71875 0.220638515930471
5.7265625 0.221198187049637
5.734375 0.221758112483784
5.7421875 0.222318287450889
5.75 0.222878707160189
5.7578125 0.223439366812335
5.765625 0.224000261599559
5.7734375 0.224561386705833
5.78125 0.225122737307034
5.7890625 0.225684308571103
5.796875 0.226246095658215
5.8046875 0.226808093720938
5.8125 0.2273702979044
5.8203125 0.227932703346456
5.828125 0.228495305177849
5.8359375 0.229058098522385
5.84375 0.229621078497092
5.8515625 0.230184240212392
5.859375 0.230747578772268
5.8671875 0.231311089274431
5.875 0.231874766810492
5.8828125 0.232438606466132
5.890625 0.233002603321265
5.8984375 0.23356675245022
5.90625 0.234131048921899
5.9140625 0.234695487799959
5.921875 0.235260064142977
5.9296875 0.235824773004625
5.9375 0.236389609433841
5.9453125 0.236954568475002
5.953125 0.237519645168099
5.9609375 0.238084834548905
5.96875 0.238650131649157
5.9765625 0.239215531496723
5.984375 0.239781029115779
5.9921875 0.240346619526982
6 0.24091229774765
6.0078125 0.241478058791929
6.015625 0.242043897670977
6.0234375 0.242609809393131
6.03125 0.24317578896409
6.0390625 0.243741831387088
6.046875 0.244307931663069
6.0546875 0.244874084790867
6.0625 0.245440285767377
6.0703125 0.246006529587737
6.078125 0.246572811245503
6.0859375 0.247139125732825
6.09375 0.247705468040625
6.1015625 0.248271833158775
6.109375 0.24883821607627
6.1171875 0.249404611781411
6.125 0.24997101526198
6.1328125 0.250537421505417
6.140625 0.251103825498996
6.1484375 0.251670222230006
6.15625 0.252236606685926
6.1640625 0.252802973854602
6.171875 0.253369318724426
6.1796875 0.253935636284515
6.1875 0.254501921524882
6.1953125 0.255068169436621
6.203125 0.255634375012079
6.2109375 0.256200533245034
6.21875 0.256766639130873
6.2265625 0.257332687666771
6.234375 0.257898673851861
6.2421875 0.258464592687419
6.25 0.259030439177033
6.2578125 0.259596208326785
6.265625 0.260161895145424
6.2734375 0.260727494644542
6.28125 0.26129300183875
6.2890625 0.261858411745855
6.296875 0.262423719387034
6.3046875 0.262988919787007
6.3125 0.263554007974216
6.3203125 0.264118978980996
6.328125 0.26468382784375
6.3359375 0.265248549603124
6.34375 0.265813139304179
6.3515625 0.266377591996564
6.359375 0.266941902734692
6.3671875 0.267506066577909
6.375 0.268070078590667
6.3828125 0.268633933842696
6.390625 0.269197627409177
6.3984375 0.26976115437091
6.40625 0.270324509814487
6.4140625 0.270887688832462
6.421875 0.271450686523519
6.4296875 0.272013497992641
6.4375 0.272576118351283
6.4453125 0.273138542717534
6.453125 0.273700766216292
6.4609375 0.274262783979422
6.46875 0.274824591145935
6.4765625 0.275386182862141
6.484375 0.275947554281826
6.4921875 0.276508700566411
6.5 0.277069616885116
6.5078125 0.277630298415129
6.515625 0.278190740341766
6.5234375 0.278750937858633
6.53125 0.279310886167791
6.5390625 0.279870580479917
6.546875 0.280430016014462
6.5546875 0.280989187999816
6.5625 0.281548091673465
6.5703125 0.282106722282151
6.578125 0.282665075082028
6.5859375 0.283223145338824
6.59375 0.283780928327995
6.6015625 0.28433841933488
6.609375 0.284895613654861
6.6171875 0.285452506593514
6.625 0.286009093466766
6.6328125 0.286565369601045
6.640625 0.287121330333435
6.6484375 0.287676971011828
6.65625 0.288232286995073
6.6640625 0.288787273653129
6.671875 0.289341926367211
6.6796875 0.289896240529944
6.6875 0.290450211545503
6.6953125 0.291003834829768
6.703125 0.291557105810465
6.7109375 0.292110019927314
6.71875 0.292662572632171
6.7265625 0.293214759389174
6.734375 0.293766575674885
6.7421875 0.294318016978429
6.75 0.294869078801641
6.7578125 0.2954197566592
6.765625 0.29597004607877
6.7734375 0.296519942601141
6.78125 0.297069441780363
6.7890625 0.297618539183882
6.796875 0.298167230392679
6.8046875 0.2987155110014
6.8125 0.299263376618493
6.8203125 0.299810822866338
6.828125 0.30035784538138
6.8359375 0.300904439814259
6.84375 0.30145060182994
6.8515625 0.301996327107842
6.859375 0.302541611341961
6.8671875 0.303086450241005
6.875 0.303630839528511
6.8828125 0.304174774942976
6.890625 0.304718252237975
6.8984375 0.305261267182287
6.90625 0.305803815560017
6.9140625 0.306345893170712
6.921875 0.306887495829484
6.9296875 0.307428619367126
6.9375 0.307969259630232
6.9453125 0.30850941248131
6.953125 0.309049073798897
6.9609375 0.309588239477674
6.96875 0.31012690542858
6.9765625 0.31066506757892
6.984375 0.31120272187248
6.9921875 0.311739864269632
7 0.312276490747444
7.0078125 0.312812597299789
7.015625 0.313348179937449
7.0234375 0.313883234688219
7.03125 0.314417757597014
7.0390625 0.314951744725969
7.046875 0.315485192154539
7.0546875 0.316018095979606
7.0625 0.316550452315568
7.0703125 0.317082257294448
7.078125 0.317613507065981
7.0859375 0.318144197797718
7.09375 0.318674325675112
7.1015625 0.319203886901621
7.109375 0.31973287769879
7.1171875 0.320261294306352
7.125 0.320789132982308
7.1328125 0.321316390003023
7.140625 0.321843061663312
7.1484375 0.322369144276522
7.15625 0.322894634174621
7.1640625 0.323419527708281
7.171875 0.323943821246962
7.1796875 0.324467511178988
7.1875 0.324990593911635
7.1953125 0.325513065871204
7.203125 0.3260349235031
7.2109375 0.326556163271912
7.21875 0.327076781661483
7.2265625 0.327596775174988
7.234375 0.328116140335007
7.2421875 0.328634873683595
7.25 0.32915297178235
7.2578125 0.329670431212491
7.265625 0.330187248574916
7.2734375 0.330703420490276
7.28125 0.331218943599035
7.2890625 0.33173381456154
7.296875 0.332248030058081
7.3046875 0.332761586788952
7.3125 0.333274481474516
7.3203125 0.33378671085526
7.328125 0.334298271691854
7.3359375 0.334809160765211
7.34375 0.335319374876542
7.3515625 0.335828910847406
7.359375 0.336337765519772
7.3671875 0.336845935756061
7.375 0.337353418439207
7.3828125 0.337860210472699
7.390625 0.338366308780634
7.3984375 0.338871710307763
7.40625 0.339376412019536
7.4140625 0.339880410902149
7.421875 0.340383703962587
7.4296875 0.340886288228666
7.4375 0.341388160749072
7.4453125 0.341889318593407
7.453125 0.342389758852223
7.4609375 0.342889478637061
7.46875 0.343388475080487
7.4765625 0.343886745336129
7.484375 0.344384286578708
7.4921875 0.344881096004076
7.5 0.34537717082924
7.5078125 0.345872508292401
7.515625 0.346367105652977
7.5234375 0.346860960191634
7.53125 0.347354069210312
7.5390625 0.347846430032251
7.546875 0.348338040002016
7.5546875 0.34882889648552
7.5625 0.349318996870047
7.5703125 0.349808338564272
7.578125 0.35029691899828
7.5859375 0.350784735623588
7.59375 0.35127178591316
7.6015625 0.351758067361426
7.609375 0.352243577484292
7.6171875 0.352728313819161
7.625 0.353212273924941
7.6328125 0.35369545538206
7.640625 0.354177855792475
7.6484375 0.354659472779682
7.65625 0.355140303988725
7.6640625 0.355620347086202
7.671875 0.356099599760276
7.6796875 0.356578059720672
7.6875 0.357055724698689
7.6953125 0.357532592447199
7.703125 0.358008660740649
7.7109375 0.358483927375063
7.71875 0.358958390168041
7.7265625 0.35943204695876
7.734375 0.359904895607966
7.7421875 0.360376933997977
7.75 0.360848160032674
7.7578125 0.361318571637498
7.765625 0.36178816675944
7.7734375 0.362256943367038
7.78125 0.362724899450365
7.7890625 0.363192033021021
7.796875 0.363658342112119
7.8046875 0.364123824778278
7.8125 0.364588479095606
7.8203125 0.365052303161688
7.828125 0.365515295095572
7.8359375 0.365977453037752
7.84375 0.366438775150149
7.8515625 0.366899259616099
7.859375 0.367358904640327
7.8671875 0.367817708448933
7.875 0.36827566928937
7.8828125 0.368732785430418
7.890625 0.369189055162167
7.8984375 0.369644476795992
7.90625 0.370099048664525
7.9140625 0.370552769121633
7.921875 0.371005636542392
7.9296875 0.371457649323056
7.9375 0.371908805881032
7.9453125 0.372359104654849
7.953125 0.372808544104131
7.9609375 0.373257122709561
7.96875 0.373704838972853
7.9765625 0.374151691416718
7.984375 0.37459767858483
7.9921875 0.375042799041793
8 0.375487051373104
8.0078125 0.375930434185117
8.015625 0.376372946105007
8.0234375 0.376814585780732
8.03125 0.377255351880991
8.0390625 0.377695243095192
8.046875 0.378134258133402
8.0546875 0.378572395726313
8.0625 0.379009654625197
8.0703125 0.379446033601865
8.078125 0.379881531448621
8.0859375 0.380316146978219
8.09375 0.380749879023818
8.1015625 0.381182726438938
8.109375 0.381614688097407
8.1171875 0.382045762893321
8.125 0.382475949740992
8.1328125 0.3829052475749
8.140625 0.383333655349643
8.1484375 0.383761172039886
8.15625 0.384187796640312
8.1640625 0.384613528165568
8.171875 0.385038365650215
8.1796875 0.385462308148672
8.1875 0.385885354735165
8.1953125 0.386307504503669
8.203125 0.386728756567856
8.2109375 0.387149110061039
8.21875 0.387568564136113
8.2265625 0.3879871179655
8.234375 0.38840477074109
8.2421875 0.388821521674185
8.25 0.389237369995435
8.2578125 0.389652314954785
8.265625 0.390066355821408
8.2734375 0.390479491883649
8.28125 0.390891722448963
8.2890625 0.391303046843849
8.296875 0.391713464413791
8.3046875 0.392122974523196
8.3125 0.392531576555326
8.3203125 0.392939269912238
8.328125 0.393346054014714
8.3359375 0.393751928302202
8.34375 0.394156892232744
8.3515625 0.394560945282914
8.359375 0.394964086947749
8.3671875 0.395366316740682
8.375 0.395767634193473
8.3828125 0.396168038856142
8.390625 0.3965675302969
8.3984375 0.396966108102077
8.40625 0.397363771876056
8.4140625 0.3977605212412
8.421875 0.398156355837782
8.4296875 0.398551275323914
8.4375 0.398945279375474
8.4453125 0.399338367686034
8.453125 0.399730539966791
8.4609375 0.400121795946489
8.46875 0.400512135371346
8.4765625 0.400901558004987
8.484375 0.401290063628359
8.4921875 0.401677652039666
8.5 0.402064323054289
8.5078125 0.402450076504711
8.515625 0.402834912240443
8.5234375 0.403218830127947
8.53125 0.403601830050558
8.5390625 0.403983911908411
8.546875 0.404365075618359
8.5546875 0.404745321113901
8.5625 0.405124648345099
8.5703125 0.405503057278503
8.578125 0.405880547897074
8.5859375 0.4062571202001
8.59375 0.406632774203122
8.6015625 0.407007509937852
8.609375 0.407381327452095
8.6171875 0.407754226809668
8.625 0.408126208090322
8.6328125 0.408497271389658
8.640625 0.408867416819049
8.6484375 0.409236644505558
8.65625 0.40960495459186
8.6640625 0.409972347236155
8.671875 0.41033882261209
8.6796875 0.410704380908679
8.6875 0.411069022330216
8.6953125 0.411432747096198
8.703125 0.411795555441236
8.7109375 0.412157447614982
8.71875 0.412518423882037
8.7265625 0.412878484521872
8.734375 0.413237629828746
8.7421875 0.41359586011162
8.75 0.413953175694076
8.7578125 0.414309576914231
8.765625 0.414665064124655
8.7734375 0.415019637692286
8.78125 0.415373297998348
8.7890625 0.415726045438263
8.796875 0.416077880421571
8.8046875 0.416428803371842
8.8125 0.416778814726594
8.8203125 0.417127914937206
8.828125 0.417476104468837
8.8359375 0.417823383800336
8.84375 0.418169753424163
8.8515625 0.418515213846298
8.859375 0.41885976558616
8.8671875 0.419203409176521
8.875 0.419546145163419
8.8828125 0.419887974106077
8.890625 0.420228896576813
8.8984375 0.420568913160955
8.90625 0.420908024456761
8.9140625 0.421246231075325
8.921875 0.421583533640501
8.9296875 0.421919932788809
8.9375 0.422255429169355
8.9453125 0.422590023443744
8.953125 0.422923716285991
8.9609375 0.423256508382443
8.96875 0.423588400431686
8.9765625 0.423919393144464
8.984375 0.424249487243591
8.9921875 0.424578683463867
9 0.424906982551992
9.0078125 0.425234385266481
9.015625 0.425560892377577
9.0234375 0.425886504667168
9.03125 0.426211222928699
9.0390625 0.426535047967089
9.046875 0.426857980598646
9.0546875 0.427180021650978
9.0625 0.427501171962914
9.0703125 0.427821432384412
9.078125 0.428140803776481
9.0859375 0.428459287011089
9.09375 0.428776882971085
9.1015625 0.42909359255011
9.109375 0.429409416652512
9.1171875 0.429724356193265
9.125 0.430038412097882
9.1328125 0.430351585302329
9.140625 0.430663876752946
9.1484375 0.430975287406357
9.15625 0.431285818229389
9.1640625 0.43159547019899
9.171875 0.43190424430214
9.1796875 0.432212141535772
9.1875 0.432519162906686
9.1953125 0.432825309431466
9.203125 0.433130582136398
9.2109375 0.433434982057385
9.21875 0.433738510239866
9.2265625 0.434041167738732
9.234375 0.434342955618243
9.2421875 0.434643874951945
9.25 0.434943926822592
9.2578125 0.435243112322056
9.265625 0.435541432551253
9.2734375 0.435838888620057
9.28125 0.436135481647217
9.2890625 0.436431212760279
9.296875 0.436726083095503
9.3046875 0.437020093797783
9.3125 0.437313246020563
9.3203125 0.43760554092576
9.328125 0.437896979683682
9.3359375 0.438187563472946
9.34375 0.4384772934804
9.3515625 0.438766170901043
9.359375 0.439054196937944
9.3671875 0.439341372802164
9.375 0.439627699712675
9.3828125 0.439913178896281
9.390625 0.440197811587543
9.3984375 0.440481599028694
9.40625 0.440764542469565
9.4140625 0.441046643167505
9.421875 0.441327902387306
9.4296875 0.441608321401119
9.4375 0.441887901488383
9.4453125 0.442166643935746
9.453125 0.442444550036984
9.4609375 0.442721621092929
9.46875 0.442997858411393
9.4765625 0.443273263307085
9.484375 0.443547837101543
9.4921875 0.443821581123053
9.5 0.444094496706577
9.5078125 0.444366585193672
9.515625 0.444637847932423
9.5234375 0.444908286277363
9.53125 0.445177901589397
9.5390625 0.445446695235734
9.546875 0.445714668589808
9.5546875 0.445981823031205
9.5625 0.44624815994559
9.5703125 0.446513680724637
9.578125 0.44677838676595
9.5859375 0.447042279472995
9.59375 0.447305360255027
9.6015625 0.447567630527016
9.609375 0.447829091709578
9.6171875 0.448089745228902
9.625 0.448349592516676
9.6328125 0.448608635010024
9.640625 0.448866874151426
9.6484375 0.449124311388654
9.65625 0.449380948174701
9.6640625 0.449636785967708
9.671875 0.4498918262309
9.6796875 0.45014607043251
9.6875 0.450399520045716
9.6953125 0.450652176548571
9.703125 0.450904041423933
9.7109375 0.451155116159398
9.71875 0.451405402247233
9.7265625 0.451654901184308
9.734375 0.45190361447203
9.7421875 0.452151543616273
9.75 0.452398690127317
9.7578125 0.452645055519776
9.765625 0.452890641312536
9.7734375 0.453135449028691
9.78125 0.453379480195472
9.7890625 0.453622736344186
9.796875 0.453865219010152
9.8046875 0.454106929732636
9.8125 0.454347870054785
9.8203125 0.454588041523567
9.828125 0.454827445689704
9.8359375 0.455066084107612
9.84375 0.455303958335337
9.8515625 0.455541069934492
9.859375 0.455777420470197
9.8671875 0.456013011511014
9.875 0.45624784462889
9.8828125 0.456481921399093
9.890625 0.45671524340015
9.8984375 0.456947812213791
9.90625 0.457179629424884
9.9140625 0.457410696621379
9.921875 0.457641015394247
9.9296875 0.457870587337419
9.9375 0.458099414047732
9.9453125 0.458327497124864
9.953125 0.458554838171284
9.9609375 0.458781438792185
9.96875 0.459007300595434
9.9765625 0.459232425191511
9.984375 0.459456814193452
9.9921875 0.459680469216795
10 0.459903391879522
10.0078125 0.460125583802002
10.015625 0.460347046606939
10.0234375 0.460567781919311
10.03125 0.460787791366324
10.0390625 0.461007076577347
10.046875 0.461225639183864
10.0546875 0.461443480819422
10.0625 0.46166060311957
10.0703125 0.461877007721813
10.078125 0.462092696265554
10.0859375 0.462307670392044
10.09375 0.462521931744331
10.1015625 0.462735481967204
10.109375 0.462948322707142
10.1171875 0.463160455612269
10.125 0.463371882332294
10.1328125 0.463582604518466
10.140625 0.463792623823521
10.1484375 0.464001941901636
10.15625 0.464210560408373
10.1640625 0.464418481000634
10.171875 0.464625705336614
10.1796875 0.464832235075745
10.1875 0.465038071878654
10.1953125 0.465243217407113
10.203125 0.46544767332399
10.2109375 0.465651441293203
10.21875 0.465854522979673
10.2265625 0.466056920049276
10.234375 0.466258634168798
10.2421875 0.466459667005887
10.25 0.46666002022901
10.2578125 0.466859695507404
10.265625 0.467058694511032
10.2734375 0.467257018910541
10.28125 0.467454670377214
10.2890625 0.467651650582926
10.296875 0.467847961200102
10.3046875 0.468043603901672
10.3125 0.468238580361028
10.3203125 0.468432892251981
10.328125 0.468626541248719
10.3359375 0.468819529025763
10.34375 0.469011857257926
10.3515625 0.469203527620273
10.359375 0.469394541788077
10.3671875 0.469584901436777
10.375 0.469774608241941
10.3828125 0.469963663879223
10.390625 0.470152070024323
10.3984375 0.470339828352948
10.40625 0.470526940540772
10.4140625 0.470713408263394
10.421875 0.470899233196307
10.4296875 0.471084417014848
10.4375 0.47126896139417
10.4453125 0.471452868009198
10.453125 0.471636138534592
10.4609375 0.471818774644713
10.46875 0.472000778013581
10.4765625 0.472182150314842
10.484375 0.472362893221728
10.4921875 0.472543008407026
10.5 0.472722497543035
10.5078125 0.472901362301536
10.515625 0.473079604353756
10.5234375 0.473257225370329
10.53125 0.473434227021266
10.5390625 0.473610610975918
10.546875 0.473786378902941
10.5546875 0.473961532470265
10.5625 0.474136073345059
10.5703125 0.474310003193695
10.578125 0.47448332368172
10.5859375 0.47465603647382
10.59375 0.474828143233788
10.6015625 0.474999645624492
10.609375 0.475170545307842
10.6171875 0.475340843944762
10.625 0.475510543195155
10.6328125 0.475679644717872
10.640625 0.475848150170685
10.6484375 0.476016061210251
10.65625 0.476183379492087
10.6640625 0.476350106670537
10.671875 0.476516244398742
10.6796875 0.476681794328613
10.6875 0.4768467581108
10.6953125 0.477011137394664
10.703125 0.477174933828248
10.7109375 0.477338149058249
10.71875 0.47750078472999
10.7265625 0.47766284248739
10.734375 0.477824323972941
10.7421875 0.477985230827678
10.75 0.47814556469115
10.7578125 0.478305327201398
10.765625 0.478464519994925
10.7734375 0.478623144706671
10.78125 0.478781202969987
10.7890625 0.478938696416609
10.796875 0.479095626676633
10.8046875 0.479251995378489
10.8125 0.479407804148919
10.8203125 0.479563054612947
10.828125 0.479717748393859
10.8359375 0.479871887113178
10.84375 0.480025472390639
10.8515625 0.480178505844167
10.859375 0.480330989089849
10.8671875 0.480482923741918
10.875 0.480634311412726
10.8828125 0.48078515371272
10.890625 0.480935452250421
10.8984375 0.481085208632405
10.90625 0.481234424463274
10.9140625 0.481383101345643
10.921875 0.481531240880109
10.9296875 0.481678844665238
10.9375 0.481825914297539
10.9453125 0.481972451371446
10.953125 0.482118457479296
10.9609375 0.482263934211307
10.96875 0.482408883155562
10.9765625 0.482553305897987
10.984375 0.48269720402233
10.9921875 0.482840579110144
11 0.482983432740767
11.0078125 0.4831257664913
11.015625 0.483267581936596
11.0234375 0.483408880649232
11.03125 0.483549664199499
11.0390625 0.483689934155376
11.046875 0.48382969208252
11.0546875 0.483968939544244
11.0625 0.484107678101498
11.0703125 0.484245909312857
11.078125 0.484383634734499
11.0859375 0.484520855920191
11.09375 0.484657574421273
11.1015625 0.484793791786638
11.109375 0.48492950956272
11.1171875 0.485064729293475
11.125 0.485199452520367
11.1328125 0.485333680782352
11.140625 0.485467415615863
11.1484375 0.485600658554794
11.15625 0.485733411130486
11.1640625 0.485865674871711
11.171875 0.485997451304659
11.1796875 0.486128741952922
11.1875 0.486259548337482
11.1953125 0.486389871976696
11.203125 0.486519714386281
11.2109375 0.486649077079301
11.21875 0.486777961566157
11.2265625 0.486906369354568
11.234375 0.487034301949562
11.2421875 0.487161760853462
11.25 0.487288747565876
11.2578125 0.487415263583677
11.265625 0.487541310401002
11.2734375 0.487666889509228
11.28125 0.48779200239697
11.2890625 0.487916650550064
11.296875 0.488040835451557
11.3046875 0.488164558581694
11.3125 0.488287821417909
11.3203125 0.488410625434815
11.328125 0.488532972104188
11.3359375 0.488654862894962
11.34375 0.488776299273217
11.3515625 0.488897282702165
11.359375 0.489017814642146
11.3671875 0.489137896550612
11.375 0.489257529882123
11.3828125 0.489376716088331
11.390625 0.489495456617978
11.3984375 0.489613752916879
11.40625 0.489731606427919
11.4140625 0.48984901859104
11.421875 0.489965990843235
11.4296875 0.490082524618536
11.4375 0.490198621348011
11.4453125 0.49031428245975
11.453125 0.490429509378858
11.4609375 0.49054430352745
11.46875 0.490658666324642
11.4765625 0.490772599186539
11.484375 0.490886103526234
11.4921875 0.490999180753796
11.5 0.491111832276265
11.5078125 0.491224059497643
11.515625 0.491335863818889
11.5234375 0.491447246637911
11.53125 0.491558209349559
11.5390625 0.49166875334562
11.546875 0.49177888001481
11.5546875 0.49188859074277
11.5625 0.491997886912055
11.5703125 0.492106769902133
11.578125 0.49221524108938
11.5859375 0.492323301847068
11.59375 0.492430953545364
11.6015625 0.492538197551326
11.609375 0.492645035228892
11.6171875 0.492751467938883
11.625 0.492857497038988
11.6328125 0.492963123883769
11.640625 0.493068349824649
11.6484375 0.493173176209911
11.65625 0.493277604384692
11.6640625 0.49338163569098
11.671875 0.493485271467608
11.6796875 0.493588513050251
11.6875 0.493691361771423
11.6953125 0.49379381896047
11.703125 0.493895885943569
11.7109375 0.493997564043724
11.71875 0.494098854580761
11.7265625 0.494199758871326
11.734375 0.494300278228882
11.7421875 0.494400413963705
11.75 0.494500167382879
11.7578125 0.494599539790299
11.765625 0.494698532486662
11.7734375 0.494797146769465
11.78125 0.494895383933008
11.7890625 0.494993245268386
11.796875 0.495090732063486
11.8046875 0.495187845602991
11.8125 0.49528458716837
11.8203125 0.495380958037883
11.828125 0.495476959486574
11.8359375 0.495572592786271
11.84375 0.495667859205585
11.8515625 0.495762760009908
11.859375 0.495857296461411
11.8671875 0.495951469819041
11.875 0.496045281338524
11.8828125 0.49613873227236
11.890625 0.496231823869824
11.8984375 0.496324557376963
11.90625 0.496416934036596
11.9140625 0.496508955088315
11.921875 0.496600621768481
11.9296875 0.496691935310226
11.9375 0.496782896943452
11.9453125 0.496873507894828
11.953125 0.496963769387795
11.9609375 0.497053682642559
11.96875 0.497143248876096
11.9765625 0.49723246930215
11.984375 0.497321345131234
11.9921875 0.497409877570629
12 0.497498067824382
12.0078125 0.497585917093314
12.015625 0.497673426575009
12.0234375 0.497760597463827
12.03125 0.497847430950892
12.0390625 0.497933928224103
12.046875 0.49802009046813
12.0546875 0.498105918864412
12.0625 0.498191414591166
12.0703125 0.498276578823379
12.078125 0.498361412732814
12.0859375 0.498445917488012
12.09375 0.49853009425429
12.1015625 0.498613944193743
12.109375 0.498697468465246
12.1171875 0.498780668224457
12.125 0.498863544623815
12.1328125 0.498946098812543
12.140625 0.499028331936653
12.1484375 0.499110245138941
12.15625 0.499191839558994
12.1640625 0.499273116333191
12.171875 0.499354076594703
12.1796875 0.499434721473497
12.1875 0.499515052096336
12.1953125 0.499595069586784
12.203125 0.499674775065206
12.2109375 0.499754169648769
12.21875 0.499833254451449
12.2265625 0.499912030584029
12.234375 0.499990499154102
12.2421875 0.500068661266076
12.25 0.500146518021175
12.2578125 0.500224070517439
12.265625 0.500301319849734
12.2734375 0.500378267109745
12.28125 0.500454913385989
12.2890625 0.500531259763807
12.296875 0.500607307325379
12.3046875 0.500683057149716
12.3125 0.500758510312669
12.3203125 0.500833667886933
12.328125 0.500908530942046
12.3359375 0.500983100544393
12.34375 0.501057377757215
12.3515625 0.501131363640603
12.359375 0.501205059251509
12.3671875 0.501278465643747
12.375 0.501351583867995
12.3828125 0.5014244149718
12.390625 0.501496959999582
12.3984375 0.501569219992636
12.40625 0.501641195989138
12.4140625 0.501712889024147
12.421875 0.501784300129609
12.4296875 0.501855430334361
12.4375 0.501926280664135
12.4453125 0.501996852141563
12.453125 0.502067145786178
12.4609375 0.502137162614422
12.46875 0.502206903639647
12.4765625 0.502276369872119
12.484375 0.502345562319027
12.4921875 0.502414481984479
12.5 0.502483129869514
12.5078125 0.502551506972102
12.515625 0.50261961428715
12.5234375 0.502687452806505
12.53125 0.502755023518959
12.5390625 0.502822327410256
12.546875 0.50288936546309
12.5546875 0.502956138657119
12.5625 0.50302264796896
12.5703125 0.503088894372201
12.578125 0.5031548788374
12.5859375 0.503220602332094
12.59375 0.503286065820801
12.6015625 0.503351270265028
12.609375 0.503416216623271
12.6171875 0.503480905851024
12.625 0.503545338900781
12.6328125 0.503609516722044
12.640625 0.503673440261326
12.6484375 0.503737110462154
12.65625 0.503800528265078
12.6640625 0.503863694607675
12.671875 0.503926610424551
12.6796875 0.50398927664735
12.6875 0.504051694204757
12.6953125 0.504113864022505
12.703125 0.504175787023377
12.7109375 0.504237464127213
12.71875 0.504298896250917
12.7265625 0.504360084308461
12.734375 0.504421029210887
12.7421875 0.504481731866319
12.75 0.504542193179962
12.7578125 0.504602414054112
12.765625 0.504662395388157
12.7734375 0.504722138078588
12.78125 0.504781643019
12.7890625 0.504840911100097
12.796875 0.504899943209704
12.8046875 0.504958740232764
12.8125 0.50501730305135
12.8203125 0.505075632544665
12.828125 0.505133729589056
12.8359375 0.505191595058008
12.84375 0.505249229822163
12.8515625 0.505306634749313
12.859375 0.505363810704414
12.8671875 0.50542075854959
12.875 0.505477479144137
12.8828125 0.505533973344529
12.890625 0.505590242004425
12.8984375 0.505646285974676
12.90625 0.505702106103327
12.9140625 0.505757703235627
12.921875 0.50581307821403
12.9296875 0.505868231878207
12.9375 0.505923165065047
12.9453125 0.505977878608665
12.953125 0.506032373340407
12.9609375 0.506086650088858
12.96875 0.506140709679844
12.9765625 0.506194552936444
12.984375 0.506248180678988
12.9921875 0.506301593725072
13 0.506354792889556
13.0078125 0.506407778984576
13.015625 0.506460552819546
13.0234375 0.506513115201167
13.03125 0.506565466933431
13.0390625 0.506617608817628
13.046875 0.506669541652353
13.0546875 0.506721266233509
13.0625 0.506772783354317
13.0703125 0.506824093805321
13.078125 0.506875198374392
13.0859375 0.506926097846736
13.09375 0.506976793004902
13.1015625 0.507027284628785
13.109375 0.507077573495631
13.1171875 0.50712766038005
13.125 0.507177546054015
13.1328125 0.507227231286871
13.140625 0.507276716845344
13.1484375 0.507326003493541
13.15625 0.507375091992963
13.1640625 0.507423983102507
13.171875 0.507472677578473
13.1796875 0.507521176174571
13.1875 0.507569479641928
13.1953125 0.507617588729092
13.203125 0.50766550418204
13.2109375 0.507713226744186
13.21875 0.507760757156382
13.2265625 0.50780809615693
13.234375 0.507855244481586
13.2421875 0.507902202863565
13.25 0.507948972033551
13.2578125 0.507995552719698
13.265625 0.508041945647642
13.2734375 0.508088151540504
13.28125 0.508134171118898
13.2890625 0.508180005100935
13.296875 0.508225654202233
13.3046875 0.508271119135919
13.3125 0.50831640061264
13.3203125 0.508361499340566
13.328125 0.508406416025398
13.3359375 0.508451151370374
13.34375 0.508495706076275
13.3515625 0.508540080841432
13.359375 0.508584276361733
13.3671875 0.508628293330627
13.375 0.508672132439134
13.3828125 0.508715794375848
13.390625 0.508759279826945
13.3984375 0.508802589476191
13.40625 0.508845724004944
13.4140625 0.508888684092166
13.421875 0.508931470414424
13.4296875 0.508974083645901
13.4375 0.509016524458399
13.4453125 0.509058793521348
13.453125 0.509100891501811
13.4609375 0.50914281906449
13.46875 0.509184576871735
13.4765625 0.509226165583546
13.484375 0.509267585857584
13.4921875 0.509308838349174
13.5 0.509349923711315
13.5078125 0.509390842594682
13.515625 0.509431595647635
13.5234375 0.509472183516227
13.53125 0.509512606844206
13.5390625 0.509552866273025
13.546875 0.509592962441849
13.5546875 0.509632895987557
13.5625 0.509672667544754
13.5703125 0.509712277745771
13.578125 0.509751727220678
13.5859375 0.509791016597286
13.59375 0.509830146501156
13.6015625 0.509869117555603
13.609375 0.509907930381703
13.6171875 0.509946585598303
13.625 0.50998508382202
13.6328125 0.510023425667254
13.640625 0.510061611746194
13.6484375 0.510099642668819
13.65625 0.510137519042909
13.6640625 0.510175241474051
13.671875 0.510212810565644
13.6796875 0.510250226918906
13.6875 0.51028749113288
13.6953125 0.510324603804441
13.703125 0.510361565528301
13.7109375 0.510398376897017
13.71875 0.510435038500996
13.7265625 0.510471550928504
13.734375 0.510507914765667
13.7421875 0.510544130596483
13.75 0.510580199002825
13.7578125 0.510616120564447
13.765625 0.510651895858993
13.7734375 0.510687525462002
13.78125 0.510723009946912
13.7890625 0.51075834988507
13.796875 0.510793545845736
13.8046875 0.510828598396089
13.8125 0.510863508101235
13.8203125 0.510898275524213
13.828125 0.510932901225998
13.8359375 0.510967385765512
13.84375 0.511001729699627
13.8515625 0.511035933583172
13.859375 0.511069997968941
13.8671875 0.511103923407695
13.875 0.511137710448172
13.8828125 0.511171359637093
13.890625 0.511204871519166
13.8984375 0.511238246637093
13.90625 0.511271485531577
13.9140625 0.511304588741328
13.921875 0.511337556803068
13.9296875 0.511370390251538
13.9375 0.511403089619505
13.9453125 0.511435655437766
13.953125 0.511468088235155
13.9609375 0.511500388538551
13.96875 0.511532556872881
13.9765625 0.511564593761127
13.984375 0.511596499724335
13.9921875 0.511628275281616
14 0.511659920950156
14.0078125 0.511691437245221
14.015625 0.511722824680163
14.0234375 0.511754083766424
14.03125 0.511785215013546
14.0390625 0.511816218929174
14.046875 0.511847096019061
14.0546875 0.51187784678708
14.0625 0.511908471735222
14.0703125 0.511938971363607
14.078125 0.51196934617049
14.0859375 0.511999596652263
14.09375 0.512029723303467
14.1015625 0.512059726616791
14.109375 0.512089607083084
14.1171875 0.512119365191358
14.125 0.512149001428793
14.1328125 0.512178516280745
14.140625 0.512207910230752
14.1484375 0.512237183760536
14.15625 0.512266337350015
14.1640625 0.512295371477304
14.171875 0.512324286618723
14.1796875 0.512353083248801
14.1875 0.512381761840284
14.1953125 0.51241032286414
14.203125 0.512438766789565
14.2109375 0.512467094083986
14.21875 0.512495305213073
14.2265625 0.512523400640738
14.234375 0.512551380829145
14.2421875 0.512579246238713
14.25 0.512606997328124
14.2578125 0.51263463455433
14.265625 0.512662158372553
14.2734375 0.512689569236295
14.28125 0.512716867597346
14.2890625 0.512744053905782
14.296875 0.512771128609979
14.3046875 0.512798092156612
14.3125 0.512824944990665
14.3203125 0.512851687555436
14.328125 0.512878320292539
14.3359375 0.512904843641916
14.34375 0.512931258041835
14.3515625 0.512957563928901
14.359375 0.512983761738062
14.3671875 0.51300985190261
14.375 0.513035834854189
14.3828125 0.513061711022803
14.390625 0.513087480836817
14.3984375 0.513113144722965
14.40625 0.513138703106355
14.4140625 0.513164156410477
14.421875 0.513189505057201
14.4296875 0.513214749466793
14.4375 0.513239890057911
14.4453125 0.513264927247617
14.453125 0.513289861451377
14.4609375 0.513314693083072
14.46875 0.513339422554998
14.4765625 0.513364050277876
14.484375 0.513388576660854
14.4921875 0.513413002111515
14.5 0.513437327035879
14.5078125 0.513461551838412
14.515625 0.513485676922028
14.5234375 0.513509702688098
14.53125 0.513533629536452
14.5390625 0.513557457865384
14.546875 0.513581188071662
14.5546875 0.513604820550527
14.5625 0.513628355695703
14.5703125 0.513651793899399
14.578125 0.513675135552318
14.5859375 0.513698381043658
14.59375 0.513721530761118
14.6015625 0.513744585090907
14.609375 0.513767544417745
14.6171875 0.513790409124869
14.625 0.513813179594039
14.6328125 0.513835856205542
14.640625 0.513858439338201
14.6484375 0.513880929369373
14.65625 0.51390332667496
14.6640625 0.513925631629412
14.671875 0.513947844605733
14.6796875 0.513969965975483
14.6875 0.513991996108786
14.6953125 0.514013935374337
14.703125 0.514035784139401
14.7109375 0.514057542769822
14.71875 0.514079211630028
14.7265625 0.514100791083035
14.734375 0.514122281490451
14.7421875 0.514143683212484
14.75 0.514164996607945
14.7578125 0.514186222034251
14.765625 0.514207359847432
14.7734375 0.514228410402139
14.78125 0.514249374051642
14.7890625 0.51427025114784
14.796875 0.514291042041264
14.8046875 0.514311747081082
14.8125 0.514332366615105
14.8203125 0.51435290098979
14.828125 0.514373350550245
14.8359375 0.514393715640236
14.84375 0.514413996602189
14.8515625 0.514434193777195
14.859375 0.514454307505019
14.8671875 0.514474338124097
14.875 0.514494285971549
14.8828125 0.514514151383177
14.890625 0.514533934693474
14.8984375 0.514553636235627
14.90625 0.514573256341522
14.9140625 0.514592795341747
14.921875 0.514612253565601
14.9296875 0.514631631341092
14.9375 0.51465092899495
14.9453125 0.514670146852623
14.953125 0.514689285238287
14.9609375 0.51470834447485
14.96875 0.514727324883954
14.9765625 0.514746226785984
14.984375 0.514765050500066
14.9921875 0.51478379634408
15 0.514802464634655
15.0078125 0.514821055687182
15.015625 0.514839569815812
15.0234375 0.514858007333467
15.03125 0.514876368551836
15.0390625 0.51489465378139
15.046875 0.514912863331374
15.0546875 0.514930997509824
15.0625 0.514949056623562
15.0703125 0.514967040978205
15.078125 0.514984950878168
15.0859375 0.515002786626668
15.09375 0.515020548525732
15.1015625 0.515038236876194
15.109375 0.515055851977706
15.1171875 0.51507339412874
15.125 0.515090863626592
15.1328125 0.515108260767387
15.140625 0.515125585846081
15.1484375 0.51514283915647
15.15625 0.515160020991189
15.1640625 0.51517713164172
15.171875 0.515194171398394
15.1796875 0.515211140550396
15.1875 0.515228039385771
15.1953125 0.515244868191424
15.203125 0.515261627253128
15.2109375 0.515278316855527
15.21875 0.515294937282138
15.2265625 0.515311488815361
15.234375 0.515327971736475
15.2421875 0.515344386325648
15.25 0.515360732861941
15.2578125 0.515377011623308
15.265625 0.515393222886604
15.2734375 0.515409366927587
15.28125 0.515425444020924
15.2890625 0.515441454440192
15.296875 0.515457398457885
15.3046875 0.515473276345416
15.3125 0.515489088373122
15.3203125 0.515504834810269
15.328125 0.515520515925053
15.3359375 0.515536131984607
15.34375 0.515551683255003
15.3515625 0.515567170001256
15.359375 0.515582592487331
15.3671875 0.515597950976141
15.375 0.515613245729557
15.3828125 0.515628477008409
15.390625 0.515643645072488
15.3984375 0.515658750180556
15.40625 0.515673792590341
15.4140625 0.515688772558549
15.421875 0.515703690340864
15.4296875 0.515718546191952
15.4375 0.515733340365465
15.4453125 0.515748073114045
15.453125 0.515762744689327
15.4609375 0.515777355341946
15.46875 0.515791905321535
15.4765625 0.515806394876735
15.484375 0.515820824255193
15.4921875 0.51583519370357
15.5 0.515849503467544
15.5078125 0.51586375379181
15.515625 0.515877944920089
15.5234375 0.515892077095128
15.53125 0.515906150558707
15.5390625 0.515920165551637
15.546875 0.51593412231377
15.5546875 0.515948021083998
15.5625 0.51596186210026
15.5703125 0.515975645599542
15.578125 0.515989371817885
15.5859375 0.516003040990385
15.59375 0.516016653351196
15.6015625 0.516030209133538
15.609375 0.516043708569698
15.6171875 0.51605715189103
15.625 0.516070539327964
15.6328125 0.516083871110009
15.640625 0.516097147465752
15.6484375 0.516110368622866
15.65625 0.516123534808111
15.6640625 0.51613664624734
15.671875 0.516149703165498
15.6796875 0.51616270578663
15.6875 0.516175654333883
15.6953125 0.516188549029507
15.703125 0.516201390094863
15.7109375 0.516214177750422
15.71875 0.516226912215771
15.7265625 0.516239593709615
15.734375 0.516252222449782
15.7421875 0.516264798653224
15.75 0.516277322536022
15.7578125 0.51628979431339
15.765625 0.516302214199675
15.7734375 0.516314582408365
15.78125 0.516326899152089
15.7890625 0.516339164642621
15.796875 0.516351379090882
15.8046875 0.516363542706948
15.8125 0.516375655700046
15.8203125 0.516387718278565
15.828125 0.516399730650052
15.8359375 0.51641169302122
15.84375 0.516423605597951
15.8515625 0.516435468585296
15.859375 0.516447282187482
15.8671875 0.516459046607911
15.875 0.516470762049167
15.8828125 0.516482428713018
15.890625 0.516494046800418
15.8984375 0.516505616511512
15.90625 0.516517138045635
15.9140625 0.516528611601322
15.921875 0.516540037376306
15.9296875 0.51655141556752
15.9375 0.516562746371105
15.9453125 0.516574029982411
15.953125 0.516585266595996
15.9609375 0.516596456405637
15.96875 0.516607599604324
15.9765625 0.516618696384271
15.984375 0.516629746936914
15.9921875 0.516640751452917
16 0.516651710122172
16.0078125 0.516662623133804
16.015625 0.516673490676174
16.0234375 0.516684312936882
16.03125 0.516695090102768
16.0390625 0.516705822359917
16.046875 0.516716509893661
16.0546875 0.516727152888585
16.0625 0.516737751528522
16.0703125 0.516748305996565
16.078125 0.516758816475064
16.0859375 0.516769283145633
16.09375 0.516779706189149
16.1015625 0.516790085785755
16.109375 0.516800422114868
16.1171875 0.516810715355175
16.125 0.516820965684641
16.1328125 0.516831173280509
16.140625 0.516841338319304
16.1484375 0.516851460976835
16.15625 0.516861541428199
16.1640625 0.516871579847781
16.171875 0.516881576409262
16.1796875 0.516891531285616
16.1875 0.516901444649116
16.1953125 0.516911316671337
16.203125 0.516921147523155
16.2109375 0.516930937374756
16.21875 0.516940686395633
16.2265625 0.516950394754591
16.234375 0.51696006261975
16.2421875 0.516969690158548
16.25 0.51697927753774
16.2578125 0.516988824923407
16.265625 0.516998332480955
16.2734375 0.517007800375114
16.28125 0.517017228769949
16.2890625 0.517026617828855
16.296875 0.517035967714565
16.3046875 0.517045278589149
16.3125 0.517054550614018
16.3203125 0.517063783949927
16.328125 0.517072978756977
16.3359375 0.517082135194616
16.34375 0.517091253421647
16.3515625 0.517100333596222
16.359375 0.517109375875853
16.3671875 0.51711838041741
16.375 0.517127347377122
16.3828125 0.517136276910585
16.390625 0.517145169172759
16.3984375 0.517154024317976
16.40625 0.517162842499934
16.4140625 0.51717162387171
16.421875 0.517180368585755
16.4296875 0.517189076793899
16.4375 0.517197748647352
16.4453125 0.51720638429671
16.453125 0.517214983891953
16.4609375 0.51722354758245
16.46875 0.517232075516961
16.4765625 0.51724056784364
16.484375 0.517249024710035
16.4921875 0.517257446263094
16.5 0.517265832649164
16.5078125 0.517274184013995
16.515625 0.517282500502742
16.5234375 0.517290782259969
16.53125 0.517299029429647
16.5390625 0.517307242155163
16.546875 0.517315420579314
16.5546875 0.517323564844318
16.5625 0.51733167509181
16.5703125 0.517339751462846
16.578125 0.517347794097907
16.5859375 0.517355803136899
16.59375 0.517363778719157
16.6015625 0.517371720983446
16.609375 0.517379630067964
16.6171875 0.517387506110345
16.625 0.517395349247658
16.6328125 0.517403159616414
16.640625 0.517410937352563
16.6484375 0.517418682591502
16.65625 0.517426395468073
16.6640625 0.517434076116565
16.671875 0.517441724670719
16.6796875 0.517449341263728
16.6875 0.51745692602824
16.6953125 0.517464479096361
16.703125 0.517472000599656
16.7109375 0.51747949066915
16.71875 0.517486949435332
16.7265625 0.517494377028159
16.734375 0.517501773577052
16.7421875 0.517509139210905
16.75 0.517516474058081
16.7578125 0.517523778246421
16.765625 0.51753105190324
16.7734375 0.51753829515533
16.78125 0.517545508128966
16.7890625 0.517552690949904
16.796875 0.517559843743384
16.8046875 0.517566966634134
16.8125 0.51757405974637
16.8203125 0.517581123203798
16.828125 0.517588157129619
16.8359375 0.517595161646525
16.84375 0.517602136876707
16.8515625 0.517609082941856
16.859375 0.517615999963161
16.8671875 0.517622888061315
16.875 0.517629747356516
16.8828125 0.517636577968468
16.890625 0.517643380016385
16.8984375 0.517650153618989
16.90625 0.517656898894518
16.9140625 0.517663615960723
16.921875 0.51767030493487
16.9296875 0.517676965933746
16.9375 0.517683599073656
16.9453125 0.517690204470429
16.953125 0.517696782239418
16.9609375 0.517703332495501
16.96875 0.517709855353086
16.9765625 0.517716350926108
16.984375 0.517722819328036
16.9921875 0.517729260671872
17 0.517735675070154
17.0078125 0.517742062634957
17.015625 0.517748423477894
17.0234375 0.517754757710122
17.03125 0.517761065442337
17.0390625 0.517767346784784
17.046875 0.517773601847251
17.0546875 0.517779830739078
17.0625 0.517786033569151
17.0703125 0.517792210445911
17.078125 0.517798361477352
17.0859375 0.517804486771024
17.09375 0.517810586434035
17.1015625 0.517816660573049
17.109375 0.517822709294295
17.1171875 0.517828732703563
17.125 0.517834730906207
17.1328125 0.517840704007147
17.140625 0.517846652110874
17.1484375 0.517852575321444
17.15625 0.517858473742488
17.1640625 0.51786434747721
17.171875 0.517870196628386
17.1796875 0.517876021298373
17.1875 0.517881821589102
17.1953125 0.517887597602087
17.203125 0.517893349438423
17.2109375 0.517899077198787
17.21875 0.517904780983444
17.2265625 0.517910460892243
17.234375 0.517916117024621
17.2421875 0.517921749479609
17.25 0.517927358355826
17.2578125 0.517932943751486
17.265625 0.517938505764398
17.2734375 0.517944044491966
17.28125 0.517949560031195
17.2890625 0.517955052478688
17.296875 0.51796052193065
17.3046875 0.517965968482889
17.3125 0.517971392230819
17.3203125 0.517976793269459
17.328125 0.517982171693436
17.3359375 0.517987527596986
17.34375 0.517992861073958
17.3515625 0.517998172217813
17.359375 0.518003461121625
17.3671875 0.518008727878084
17.375 0.5180139725795
17.3828125 0.518019195317798
17.390625 0.518024396184526
17.3984375 0.518029575270853
17.40625 0.518034732667573
17.4140625 0.518039868465103
17.421875 0.518044982753487
17.4296875 0.518050075622399
17.4375 0.51805514716114
17.4453125 0.518060197458643
17.453125 0.518065226603475
17.4609375 0.518070234683834
17.46875 0.518075221787557
17.4765625 0.518080188002116
17.484375 0.518085133414622
17.4921875 0.518090058111826
17.5 0.51809496218012
17.5078125 0.518099845705539
17.515625 0.518104708773763
17.5234375 0.518109551470117
17.53125 0.518114373879574
17.5390625 0.518119176086755
17.546875 0.518123958175931
17.5546875 0.518128720231025
17.5625 0.518133462335613
17.5703125 0.518138184572925
17.578125 0.518142887025847
17.5859375 0.51814756977692
17.59375 0.518152232908348
17.6015625 0.518156876501991
17.609375 0.518161500639371
17.6171875 0.518166105401675
17.625 0.51817069086975
17.6328125 0.518175257124113
17.640625 0.518179804244945
17.6484375 0.518184332312094
17.65625 0.518188841405081
17.6640625 0.518193331603095
17.671875 0.518197802984999
17.6796875 0.518202255629327
17.6875 0.518206689614291
17.6953125 0.518211105017776
17.703125 0.518215501917347
17.7109375 0.518219880390248
17.71875 0.5182242405134
17.7265625 0.518228582363407
17.734375 0.518232906016558
17.7421875 0.518237211548823
17.75 0.518241499035859
17.7578125 0.518245768553007
17.765625 0.518250020175299
17.7734375 0.518254253977455
17.78125 0.518258470033885
17.7890625 0.51826266841869
17.796875 0.518266849205666
17.8046875 0.5182710124683
17.8125 0.518275158279779
17.8203125 0.518279286712982
17.828125 0.518283397840488
17.8359375 0.518287491734575
17.84375 0.518291568467222
17.8515625 0.518295628110108
17.859375 0.518299670734615
17.8671875 0.518303696411832
17.875 0.518307705212549
17.8828125 0.518311697207264
17.890625 0.518315672466184
17.8984375 0.518319631059223
17.90625 0.518323573056006
17.9140625 0.518327498525869
17.921875 0.51833140753786
17.9296875 0.518335300160741
17.9375 0.518339176462988
17.9453125 0.518343036512794
17.953125 0.518346880378069
17.9609375 0.518350708126438
17.96875 0.518354519825251
17.9765625 0.518358315541574
17.984375 0.518362095342197
17.9921875 0.518365859293631
18 0.518369607462112
18.0078125 0.518373339913601
18.015625 0.518377056713786
18.0234375 0.51838075792808
18.03125 0.518384443621627
18.0390625 0.518388113859298
18.046875 0.518391768705697
18.0546875 0.518395408225158
18.0625 0.518399032481749
18.0703125 0.518402641539271
18.078125 0.518406235461261
18.0859375 0.518409814310992
18.09375 0.518413378151473
18.1015625 0.518416927045452
18.109375 0.518420461055416
18.1171875 0.518423980243594
18.125 0.518427484671955
18.1328125 0.518430974402211
18.140625 0.518434449495816
18.1484375 0.518437910013971
18.15625 0.518441356017622
18.1640625 0.518444787567461
18.171875 0.518448204723929
18.1796875 0.518451607547214
18.1875 0.518454996097256
18.1953125 0.518458370433743
18.203125 0.518461730616119
18.2109375 0.518465076703577
18.21875 0.518468408755065
18.2265625 0.518471726829288
18.234375 0.518475030984704
18.2421875 0.518478321279531
18.25 0.518481597771741
18.2578125 0.518484860519069
18.265625 0.518488109579007
18.2734375 0.518491345008809
18.28125 0.518494566865491
18.2890625 0.518497775205833
18.296875 0.518500970086376
18.3046875 0.518504151563428
18.3125 0.518507319693063
18.3203125 0.518510474531119
18.328125 0.518513616133206
18.3359375 0.518516744554698
18.34375 0.518519859850743
18.3515625 0.518522962076257
18.359375 0.518526051285927
18.3671875 0.518529127534215
18.375 0.518532190875353
18.3828125 0.518535241363351
18.390625 0.518538279051991
18.3984375 0.518541303994833
18.40625 0.518544316245214
18.4140625 0.518547315856248
18.421875 0.518550302880829
18.4296875 0.518553277371631
18.4375 0.518556239381107
18.4453125 0.518559188961494
18.453125 0.518562126164809
18.4609375 0.518565051042855
18.46875 0.518567963647217
18.4765625 0.518570864029267
18.484375 0.518573752240162
18.4921875 0.518576628330846
18.5 0.518579492352053
18.5078125 0.518582344354302
18.515625 0.518585184387905
18.5234375 0.518588012502962
18.53125 0.518590828749366
18.5390625 0.518593633176802
18.546875 0.518596425834746
18.5546875 0.518599206772471
18.5625 0.518601976039043
18.5703125 0.518604733683323
18.578125 0.518607479753971
18.5859375 0.518610214299442
18.59375 0.518612937367989
18.6015625 0.518615649007665
18.609375 0.518618349266323
18.6171875 0.518621038191615
18.625 0.518623715830997
18.6328125 0.518626382231724
18.640625 0.518629037440858
18.6484375 0.518631681505261
18.65625 0.518634314471602
18.6640625 0.518636936386355
18.671875 0.5186395472958
18.6796875 0.518642147246024
18.6875 0.518644736282923
18.6953125 0.5186473144522
18.703125 0.518649881799369
18.7109375 0.518652438369753
18.71875 0.518654984208488
18.7265625 0.518657519360518
18.734375 0.518660043870605
18.7421875 0.518662557783319
18.75 0.518665061143048
18.7578125 0.518667553993993
18.765625 0.518670036380172
18.7734375 0.518672508345418
18.78125 0.518674969933382
18.7890625 0.518677421187533
18.796875 0.518679862151158
18.8046875 0.518682292867365
18.8125 0.51868471337908
18.8203125 0.518687123729052
18.828125 0.51868952395985
18.8359375 0.518691914113868
18.84375 0.518694294233319
18.8515625 0.518696664360245
18.859375 0.518699024536508
18.8671875 0.518701374803798
18.875 0.51870371520363
18.8828125 0.518706045777347
18.890625 0.518708366566118
18.8984375 0.518710677610942
18.90625 0.518712978952644
18.9140625 0.518715270631881
18.921875 0.518717552689141
18.9296875 0.51871982516474
18.9375 0.51872208809883
18.9453125 0.518724341531391
18.953125 0.518726585502239
18.9609375 0.518728820051022
18.96875 0.518731045217225
18.9765625 0.518733261040166
18.984375 0.518735467559
18.9921875 0.518737664812718
19 0.518739852840147
19.0078125 0.518742031679956
19.015625 0.518744201370647
19.0234375 0.518746361950566
19.03125 0.518748513457897
19.0390625 0.518750655930664
19.046875 0.518752789406733
19.0546875 0.518754913923812
19.0625 0.518757029519451
19.0703125 0.518759136231044
19.078125 0.518761234095828
19.0859375 0.518763323150885
19.09375 0.518765403433142
19.1015625 0.518767474979372
19.109375 0.518769537826194
19.1171875 0.518771592010074
19.125 0.518773637567327
19.1328125 0.518775674534115
19.140625 0.518777702946449
19.1484375 0.51877972284019
19.15625 0.518781734251049
19.1640625 0.518783737214588
19.171875 0.51878573176622
19.1796875 0.518787717941211
19.1875 0.51878969577468
19.1953125 0.518791665301597
19.203125 0.518793626556787
19.2109375 0.518795579574931
19.21875 0.518797524390564
19.2265625 0.518799461038076
19.234375 0.518801389551714
19.2421875 0.518803309965581
19.25 0.51880522231364
19.2578125 0.51880712662971
19.265625 0.518809022947468
19.2734375 0.518810911300453
19.28125 0.518812791722061
19.2890625 0.51881466424555
19.296875 0.518816528904039
19.3046875 0.518818385730507
19.3125 0.518820234757798
19.3203125 0.518822076018617
19.328125 0.518823909545531
19.3359375 0.518825735370974
19.34375 0.518827553527241
19.3515625 0.518829364046496
19.359375 0.518831166960764
19.3671875 0.51883296230194
19.375 0.518834750101784
19.3828125 0.518836530391922
19.390625 0.51883830320385
19.3984375 0.518840068568932
19.40625 0.5188418265184
19.4140625 0.518843577083355
19.421875 0.518845320294769
19.4296875 0.518847056183485
19.4375 0.518848784780215
19.4453125 0.518850506115545
19.453125 0.518852220219931
19.4609375 0.518853927123703
19.46875 0.518855626857063
19.4765625 0.518857319450089
19.484375 0.518859004932731
19.4921875 0.518860683334813
19.5 0.518862354686038
19.5078125 0.518864019015981
19.515625 0.518865676354094
19.5234375 0.518867326729709
19.53125 0.518868970172031
19.5390625 0.518870606710145
19.546875 0.518872236373015
19.5546875 0.518873859189482
19.5625 0.518875475188267
19.5703125 0.518877084397973
19.578125 0.518878686847079
19.5859375 0.51888028256395
19.59375 0.518881871576827
19.6015625 0.518883453913838
19.609375 0.518885029602989
19.6171875 0.518886598672172
19.625 0.51888816114916
19.6328125 0.518889717061612
19.640625 0.518891266437069
19.6484375 0.518892809302959
19.65625 0.518894345686593
19.6640625 0.518895875615169
19.671875 0.518897399115772
19.6796875 0.518898916215372
19.6875 0.518900426940827
19.6953125 0.518901931318882
19.703125 0.518903429376171
19.7109375 0.518904921139215
19.71875 0.518906406634427
19.7265625 0.518907885888106
19.734375 0.518909358926444
19.7421875 0.51891082577552
19.75 0.518912286461307
19.7578125 0.518913741009668
19.765625 0.518915189446357
19.7734375 0.518916631797021
19.78125 0.5189180680872
19.7890625 0.518919498342327
19.796875 0.518920922587728
19.8046875 0.518922340848623
19.8125 0.518923753150127
19.8203125 0.518925159517249
19.828125 0.518926559974895
19.8359375 0.518927954547864
19.84375 0.518929343260854
19.8515625 0.518930726138458
19.859375 0.518932103205166
19.8671875 0.518933474485366
19.875 0.518934840003344
19.8828125 0.518936199783285
19.890625 0.51893755384927
19.8984375 0.518938902225282
19.90625 0.518940244935203
19.9140625 0.518941582002814
19.921875 0.518942913451797
19.9296875 0.518944239305735
19.9375 0.518945559588112
19.9453125 0.518946874322314
19.953125 0.518948183531628
19.9609375 0.518949487239246
19.96875 0.51895078546826
19.9765625 0.518952078241666
19.984375 0.518953365582365
19.9921875 0.518954647513161
20 0.518955924056763
20.0078125 0.518957195235785
20.015625 0.518958461072745
20.0234375 0.518959721590069
20.03125 0.518960976810086
20.0390625 0.518962226755034
20.046875 0.518963471447057
20.0546875 0.518964710908207
20.0625 0.518965945160442
20.0703125 0.518967174225629
20.078125 0.518968398125543
20.0859375 0.51896961688187
20.09375 0.518970830516201
20.1015625 0.51897203905004
20.109375 0.5189732425048
20.1171875 0.518974440901804
20.125 0.518975634262285
20.1328125 0.518976822607388
20.140625 0.518978005958169
20.1484375 0.518979184335597
20.15625 0.518980357760552
20.1640625 0.518981526253825
20.171875 0.518982689836123
20.1796875 0.518983848528065
20.1875 0.518985002350182
20.1953125 0.518986151322922
20.203125 0.518987295466644
20.2109375 0.518988434801625
20.21875 0.518989569348055
20.2265625 0.518990699126039
20.234375 0.518991824155599
20.2421875 0.518992944456672
20.25 0.518994060049114
20.2578125 0.518995170952695
20.265625 0.518996277187102
20.2734375 0.518997378771942
20.28125 0.518998475726737
20.2890625 0.51899956807093
20.296875 0.51900065582388
20.3046875 0.519001739004867
20.3125 0.519002817633089
20.3203125 0.519003891727663
20.328125 0.519004961307627
20.3359375 0.519006026391938
20.34375 0.519007086999476
20.3515625 0.519008143149039
20.359375 0.519009194859347
20.3671875 0.519010242149044
20.375 0.519011285036691
20.3828125 0.519012323540777
20.390625 0.519013357679708
20.3984375 0.519014387471816
20.40625 0.519015412935357
20.4140625 0.519016434088507
20.421875 0.519017450949368
20.4296875 0.519018463535968
20.4375 0.519019471866255
20.4453125 0.519020475958105
20.453125 0.519021475829318
20.4609375 0.519022471497619
20.46875 0.519023462980661
20.4765625 0.51902445029602
20.484375 0.519025433461199
20.4921875 0.519026412493628
20.5 0.519027387410666
20.5078125 0.519028358229596
20.515625 0.519029324967629
20.5234375 0.519030287641906
20.53125 0.519031246269495
20.5390625 0.519032200867391
20.546875 0.519033151452519
20.5546875 0.519034098041734
20.5625 0.519035040651819
20.5703125 0.519035979299487
20.578125 0.51903691400138
20.5859375 0.519037844774072
20.59375 0.519038771634067
20.6015625 0.519039694597799
20.609375 0.519040613681633
20.6171875 0.519041528901866
20.625 0.519042440274726
20.6328125 0.519043347816375
20.640625 0.519044251542904
20.6484375 0.519045151470339
20.65625 0.519046047614639
20.6640625 0.519046939991693
20.671875 0.519047828617326
20.6796875 0.519048713507298
20.6875 0.519049594677298
20.6953125 0.519050472142954
20.703125 0.519051345919826
20.7109375 0.51905221602341
20.71875 0.519053082469136
20.7265625 0.519053945272369
20.734375 0.519054804448411
20.7421875 0.519055660012499
20.75 0.519056511979806
20.7578125 0.51905736036544
20.765625 0.51905820518445
20.7734375 0.519059046451816
20.78125 0.51905988418246
20.7890625 0.519060718391239
20.796875 0.519061549092949
20.8046875 0.519062376302321
20.8125 0.519063200034029
20.8203125 0.519064020302681
20.828125 0.519064837122826
20.8359375 0.519065650508951
20.84375 0.519066460475484
20.8515625 0.51906726703679
20.859375 0.519068070207176
20.8671875 0.519068870000886
20.875 0.519069666432109
20.8828125 0.519070459514969
20.890625 0.519071249263535
20.8984375 0.519072035691814
20.90625 0.519072818813757
20.9140625 0.519073598643254
20.921875 0.519074375194138
20.9296875 0.519075148480184
20.9375 0.519075918515108
20.9453125 0.519076685312571
20.953125 0.519077448886174
20.9609375 0.519078209249463
20.96875 0.519078966415924
20.9765625 0.519079720398991
20.984375 0.519080471212038
20.9921875 0.519081218868384
21 0.519081963381293
21.0078125 0.519082704763971
21.015625 0.519083443029572
21.0234375 0.519084178191192
21.03125 0.519084910261873
21.0390625 0.519085639254603
21.046875 0.519086365182313
21.0546875 0.519087088057883
21.0625 0.519087807894137
21.0703125 0.519088524703846
21.078125 0.519089238499727
21.0859375 0.519089949294443
21.09375 0.519090657100604
21.1015625 0.51909136193077
21.109375 0.519092063797444
21.1171875 0.519092762713078
21.125 0.519093458690074
21.1328125 0.519094151740779
21.140625 0.519094841877489
21.1484375 0.519095529112449
21.15625 0.519096213457853
21.1640625 0.519096894925842
21.171875 0.519097573528509
21.1796875 0.519098249277892
21.1875 0.519098922185982
21.1953125 0.519099592264719
21.203125 0.519100259525993
21.2109375 0.519100923981641
21.21875 0.519101585643456
21.2265625 0.519102244523176
21.234375 0.519102900632493
21.2421875 0.519103553983049
21.25 0.519104204586437
21.2578125 0.519104852454202
21.265625 0.51910549759784
21.2734375 0.519106140028798
21.28125 0.519106779758476
21.2890625 0.519107416798226
21.296875 0.519108051159352
21.3046875 0.519108682853112
21.3125 0.519109311890714
21.3203125 0.519109938283321
21.328125 0.519110562042049
21.3359375 0.519111183177966
21.34375 0.519111801702095
21.3515625 0.519112417625413
21.359375 0.519113030958849
21.3671875 0.519113641713287
21.375 0.519114249899567
21.3828125 0.519114855528481
21.390625 0.519115458610777
21.3984375 0.519116059157158
21.40625 0.51911665717828
21.4140625 0.519117252684758
21.421875 0.51911784568716
21.4296875 0.519118436196009
21.4375 0.519119024221786
21.4453125 0.519119609774926
21.453125 0.519120192865821
21.4609375 0.51912077350482
21.46875 0.519121351702228
21.4765625 0.519121927468305
21.484375 0.519122500813272
21.4921875 0.519123071747303
21.5 0.519123640280532
21.5078125 0.519124206423049
21.515625 0.519124770184902
21.5234375 0.519125331576097
21.53125 0.519125890606597
21.5390625 0.519126447286325
21.546875 0.519127001625162
21.5546875 0.519127553632945
21.5625 0.519128103319473
21.5703125 0.519128650694501
21.578125 0.519129195767746
21.5859375 0.519129738548882
21.59375 0.519130279047543
21.6015625 0.519130817273323
21.609375 0.519131353235774
21.6171875 0.519131886944411
21.625 0.519132418408706
21.6328125 0.519132947638092
21.640625 0.519133474641964
21.6484375 0.519133999429677
21.65625 0.519134522010544
21.6640625 0.519135042393842
21.671875 0.519135560588808
21.6796875 0.51913607660464
21.6875 0.519136590450499
21.6953125 0.519137102135504
21.703125 0.519137611668739
21.7109375 0.519138119059249
21.71875 0.51913862431604
21.7265625 0.519139127448081
21.734375 0.519139628464304
21.7421875 0.519140127373601
21.75 0.51914062418483
21.7578125 0.51914111890681
21.765625 0.519141611548322
21.7734375 0.519142102118113
21.78125 0.51914259062489
21.7890625 0.519143077077325
21.796875 0.519143561484054
21.8046875 0.519144043853677
21.8125 0.519144524194756
21.8203125 0.519145002515818
21.828125 0.519145478825355
21.8359375 0.519145953131823
21.84375 0.519146425443641
21.8515625 0.519146895769195
21.859375 0.519147364116834
21.8671875 0.519147830494873
21.875 0.519148294911591
21.8828125 0.519148757375233
21.890625 0.519149217894009
21.8984375 0.519149676476096
21.90625 0.519150133129633
21.9140625 0.519150587862729
21.921875 0.519151040683457
21.9296875 0.519151491599856
21.9375 0.519151940619931
21.9453125 0.519152387751653
21.953125 0.519152833002963
21.9609375 0.519153276381763
21.96875 0.519153717895927
21.9765625 0.519154157553293
21.984375 0.519154595361666
21.9921875 0.51915503132882
22 0.519155465462495
22.0078125 0.519155897770399
22.015625 0.519156328260206
22.0234375 0.519156756939562
22.03125 0.519157183816076
22.0390625 0.519157608897327
22.046875 0.519158032190864
22.0546875 0.519158453704201
22.0625 0.519158873444822
22.0703125 0.519159291420181
22.078125 0.519159707637698
22.0859375 0.519160122104764
22.09375 0.519160534828737
22.1015625 0.519160945816945
22.109375 0.519161355076687
22.1171875 0.519161762615228
22.125 0.519162168439805
22.1328125 0.519162572557624
22.140625 0.51916297497586
22.1484375 0.519163375701658
22.15625 0.519163774742133
22.1640625 0.519164172104372
22.171875 0.51916456779543
22.1796875 0.519164961822332
22.1875 0.519165354192076
22.1953125 0.519165744911627
22.203125 0.519166133987926
22.2109375 0.519166521427879
22.21875 0.519166907238366
22.2265625 0.519167291426239
22.234375 0.51916767399832
22.2421875 0.5191680549614
22.25 0.519168434322246
22.2578125 0.519168812087594
22.265625 0.519169188264152
22.2734375 0.519169562858599
22.28125 0.519169935877587
22.2890625 0.51917030732774
22.296875 0.519170677215655
22.3046875 0.5191710455479
22.3125 0.519171412331014
22.3203125 0.519171777571512
22.328125 0.519172141275879
22.3359375 0.519172503450574
22.34375 0.519172864102028
22.3515625 0.519173223236646
22.359375 0.519173580860806
22.3671875 0.519173936980857
22.375 0.519174291603124
22.3828125 0.519174644733905
22.390625 0.519174996379471
22.3984375 0.519175346546065
22.40625 0.519175695239908
22.4140625 0.51917604246719
22.421875 0.519176388234078
22.4296875 0.519176732546713
22.4375 0.519177075411209
22.4453125 0.519177416833655
22.453125 0.519177756820114
22.4609375 0.519178095376624
22.46875 0.519178432509197
22.4765625 0.519178768223821
22.484375 0.519179102526458
22.4921875 0.519179435423045
22.5 0.519179766919492
22.5078125 0.519180097021689
22.515625 0.519180425735497
22.5234375 0.519180753066753
22.53125 0.519181079021272
22.5390625 0.519181403604842
22.546875 0.519181726823227
22.5546875 0.519182048682169
22.5625 0.519182369187382
22.5703125 0.519182688344559
22.578125 0.519183006159368
22.5859375 0.519183322637454
22.59375 0.519183637784437
22.6015625 0.519183951605915
22.609375 0.519184264107461
22.6171875 0.519184575294624
22.625 0.519184885172932
22.6328125 0.519185193747889
22.640625 0.519185501024974
22.6484375 0.519185807009645
22.65625 0.519186111707337
22.6640625 0.519186415123461
22.671875 0.519186717263407
22.6796875 0.519187018132539
22.6875 0.519187317736202
22.6953125 0.519187616079718
22.703125 0.519187913168384
22.7109375 0.519188209007479
22.71875 0.519188503602255
22.7265625 0.519188796957945
22.734375 0.51918908907976
22.7421875 0.519189379972888
22.75 0.519189669642496
22.7578125 0.519189958093729
22.765625 0.519190245331709
22.7734375 0.519190531361539
22.78125 0.519190816188299
22.7890625 0.519191099817048
22.796875 0.519191382252824
22.8046875 0.519191663500643
22.8125 0.5191919435655
22.8203125 0.519192222452371
22.828125 0.519192500166208
22.8359375 0.519192776711944
22.84375 0.519193052094492
22.8515625 0.519193326318743
22.859375 0.519193599389566
22.8671875 0.519193871311814
22.875 0.519194142090315
22.8828125 0.51919441172988
22.890625 0.519194680235297
22.8984375 0.519194947611336
22.90625 0.519195213862747
22.9140625 0.519195478994258
22.921875 0.519195743010578
22.9296875 0.519196005916398
22.9375 0.519196267716388
22.9453125 0.519196528415197
22.953125 0.519196788017457
22.9609375 0.519197046527777
22.96875 0.519197303950752
22.9765625 0.519197560290952
22.984375 0.519197815552932
22.9921875 0.519198069741225
23 0.519198322860347
23.0078125 0.519198574914794
23.015625 0.519198825909042
23.0234375 0.519199075847552
23.03125 0.519199324734761
23.0390625 0.519199572575092
23.046875 0.519199819372947
23.0546875 0.519200065132709
23.0625 0.519200309858745
23.0703125 0.5192005535554
23.078125 0.519200796227006
23.0859375 0.519201037877871
23.09375 0.519201278512289
23.1015625 0.519201518134534
23.109375 0.519201756748862
23.1171875 0.519201994359513
23.125 0.519202230970707
23.1328125 0.519202466586648
23.140625 0.51920270121152
23.1484375 0.519202934849492
23.15625 0.519203167504714
23.1640625 0.519203399181319
23.171875 0.519203629883423
23.1796875 0.519203859615122
23.1875 0.5192040883805
23.1953125 0.519204316183619
23.203125 0.519204543028526
23.2109375 0.519204768919251
23.21875 0.519204993859807
23.2265625 0.519205217854189
23.234375 0.519205440906377
23.2421875 0.519205663020334
23.25 0.519205884200004
23.2578125 0.519206104449317
23.265625 0.519206323772186
23.2734375 0.519206542172507
23.28125 0.519206759654159
23.2890625 0.519206976221007
23.296875 0.519207191876897
23.3046875 0.519207406625661
23.3125 0.519207620471113
23.3203125 0.519207833417053
23.328125 0.519208045467263
23.3359375 0.51920825662551
23.34375 0.519208466895547
23.3515625 0.519208676281107
23.359375 0.519208884785912
23.3671875 0.519209092413664
23.375 0.519209299168054
23.3828125 0.519209505052752
23.390625 0.519209710071418
23.3984375 0.519209914227694
23.40625 0.519210117525206
23.4140625 0.519210319967566
23.421875 0.51921052155837
23.4296875 0.5192107223012
23.4375 0.519210922199623
23.4453125 0.519211121257188
23.453125 0.519211319477434
23.4609375 0.519211516863881
23.46875 0.519211713420036
23.4765625 0.519211909149391
23.484375 0.519212104055424
23.4921875 0.519212298141596
23.5 0.519212491411356
23.5078125 0.519212683868138
23.515625 0.519212875515361
23.5234375 0.519213066356429
23.53125 0.519213256394734
23.5390625 0.51921344563365
23.546875 0.519213634076542
23.5546875 0.519213821726755
23.5625 0.519214008587624
23.5703125 0.519214194662469
23.578125 0.519214379954596
23.5859375 0.519214564467297
23.59375 0.519214748203849
23.6015625 0.519214931167517
23.609375 0.519215113361552
23.6171875 0.51921529478919
23.625 0.519215475453656
23.6328125 0.519215655358158
23.640625 0.519215834505893
23.6484375 0.519216012900044
23.65625 0.51921619054378
23.6640625 0.519216367440257
23.671875 0.519216543592618
23.6796875 0.519216719003994
23.6875 0.519216893677499
23.6953125 0.519217067616239
23.703125 0.519217240823302
23.7109375 0.519217413301767
23.71875 0.519217585054698
23.7265625 0.519217756085145
23.734375 0.519217926396149
23.7421875 0.519218095990735
23.75 0.519218264871915
23.7578125 0.519218433042692
23.765625 0.519218600506051
23.7734375 0.51921876726497
23.78125 0.51921893332241
23.7890625 0.519219098681322
23.796875 0.519219263344644
23.8046875 0.519219427315301
23.8125 0.519219590596208
23.8203125 0.519219753190264
23.828125 0.519219915100359
23.8359375 0.51922007632937
23.84375 0.519220236880161
23.8515625 0.519220396755584
23.859375 0.51922055595848
23.8671875 0.519220714491679
23.875 0.519220872357996
23.8828125 0.519221029560237
23.890625 0.519221186101194
23.8984375 0.519221341983649
23.90625 0.519221497210372
23.9140625 0.51922165178412
23.921875 0.519221805707641
23.9296875 0.519221958983668
23.9375 0.519222111614926
23.9453125 0.519222263604126
23.953125 0.519222414953969
23.9609375 0.519222565667144
23.96875 0.519222715746328
23.9765625 0.519222865194189
23.984375 0.519223014013381
23.9921875 0.51922316220655
24 0.519223309776327
24.0078125 0.519223456725335
24.015625 0.519223603056186
24.0234375 0.519223748771478
24.03125 0.519223893873802
24.0390625 0.519224038365735
24.046875 0.519224182249845
24.0546875 0.519224325528688
24.0625 0.51922446820481
24.0703125 0.519224610280746
24.078125 0.519224751759021
24.0859375 0.519224892642148
24.09375 0.519225032932631
24.1015625 0.519225172632963
24.109375 0.519225311745625
24.1171875 0.519225450273089
24.125 0.519225588217818
24.1328125 0.519225725582261
24.140625 0.519225862368861
24.1484375 0.519225998580046
24.15625 0.519226134218238
24.1640625 0.519226269285847
24.171875 0.519226403785272
24.1796875 0.519226537718904
24.1875 0.519226671089121
24.1953125 0.519226803898295
24.203125 0.519226936148785
24.2109375 0.519227067842941
24.21875 0.519227198983103
24.2265625 0.519227329571601
24.234375 0.519227459610755
24.2421875 0.519227589102876
24.25 0.519227718050266
24.2578125 0.519227846455214
24.265625 0.519227974320004
24.2734375 0.519228101646907
24.28125 0.519228228438185
24.2890625 0.519228354696092
24.296875 0.51922848042287
24.3046875 0.519228605620754
24.3125 0.519228730291969
24.3203125 0.51922885443873
24.328125 0.519228978063243
24.3359375 0.519229101167704
24.34375 0.519229223754301
24.3515625 0.519229345825212
24.359375 0.519229467382607
24.3671875 0.519229588428645
24.375 0.519229708965477
24.3828125 0.519229828995246
24.390625 0.519229948520083
24.3984375 0.519230067542113
24.40625 0.519230186063452
24.4140625 0.519230304086203
24.421875 0.519230421612466
24.4296875 0.519230538644329
24.4375 0.51923065518387
24.4453125 0.519230771233161
24.453125 0.519230886794264
24.4609375 0.519231001869233
24.46875 0.519231116460112
24.4765625 0.519231230568937
24.484375 0.519231344197736
24.4921875 0.519231457348529
24.5 0.519231570023326
24.5078125 0.519231682224129
24.515625 0.519231793952932
24.5234375 0.51923190521172
24.53125 0.519232016002471
24.5390625 0.519232126327152
24.546875 0.519232236187725
24.5546875 0.519232345586142
24.5625 0.519232454524347
24.5703125 0.519232563004275
24.578125 0.519232671027854
24.5859375 0.519232778597004
24.59375 0.519232885713636
24.6015625 0.519232992379654
24.609375 0.519233098596954
24.6171875 0.519233204367421
24.625 0.519233309692937
24.6328125 0.519233414575373
24.640625 0.519233519016593
24.6484375 0.519233623018452
24.65625 0.519233726582798
24.6640625 0.519233829711473
24.671875 0.519233932406308
24.6796875 0.519234034669128
24.6875 0.519234136501752
24.6953125 0.519234237905987
24.703125 0.519234338883637
24.7109375 0.519234439436496
24.71875 0.51923453956635
24.7265625 0.519234639274979
24.734375 0.519234738564154
24.7421875 0.519234837435641
24.75 0.519234935891196
24.7578125 0.519235033932568
24.765625 0.5192351315615
24.7734375 0.519235228779727
24.78125 0.519235325588977
24.7890625 0.519235421990969
24.796875 0.519235517987417
24.8046875 0.519235613580026
24.8125 0.519235708770497
24.8203125 0.519235803560519
24.828125 0.519235897951778
24.8359375 0.51923599194595
24.84375 0.519236085544707
24.8515625 0.519236178749712
24.859375 0.51923627156262
24.8671875 0.519236363985081
24.875 0.519236456018738
24.8828125 0.519236547665226
24.890625 0.519236638926174
24.8984375 0.519236729803203
24.90625 0.519236820297929
24.9140625 0.519236910411959
24.921875 0.519237000146895
24.9296875 0.519237089504332
24.9375 0.519237178485857
24.9453125 0.519237267093052
24.953125 0.519237355327492
24.9609375 0.519237443190744
24.96875 0.51923753068437
24.9765625 0.519237617809924
24.984375 0.519237704568956
24.9921875 0.519237790963006
25 0.51923787699361
25.0078125 0.519237962662298
25.015625 0.51923804797059
25.0234375 0.519238132920004
25.03125 0.519238217512049
25.0390625 0.519238301748228
25.046875 0.519238385630039
25.0546875 0.519238469158971
25.0625 0.51923855233651
25.0703125 0.519238635164132
25.078125 0.519238717643312
25.0859375 0.519238799775513
25.09375 0.519238881562196
25.1015625 0.519238963004815
25.109375 0.519239044104815
25.1171875 0.51923912486364
25.125 0.519239205282723
25.1328125 0.519239285363495
25.140625 0.519239365107377
25.1484375 0.519239444515788
25.15625 0.519239523590138
25.1640625 0.519239602331833
25.171875 0.519239680742272
25.1796875 0.519239758822849
25.1875 0.51923983657495
25.1953125 0.519239913999959
25.203125 0.51923999109925
25.2109375 0.519240067874194
25.21875 0.519240144326156
25.2265625 0.519240220456494
25.234375 0.519240296266561
25.2421875 0.519240371757703
25.25 0.519240446931264
25.2578125 0.519240521788579
25.265625 0.519240596330977
25.2734375 0.519240670559785
25.28125 0.51924074447632
25.2890625 0.519240818081897
25.296875 0.519240891377823
25.3046875 0.519240964365402
25.3125 0.51924103704593
25.3203125 0.519241109420699
25.328125 0.519241181490995
25.3359375 0.519241253258099
25.34375 0.519241324723287
25.3515625 0.519241395887828
25.359375 0.519241466752987
25.3671875 0.519241537320024
25.375 0.519241607590192
25.3828125 0.519241677564741
25.390625 0.519241747244914
25.3984375 0.519241816631949
25.40625 0.51924188572708
25.4140625 0.519241954531534
25.421875 0.519242023046534
25.4296875 0.519242091273298
25.4375 0.519242159213039
25.4453125 0.519242226866963
25.453125 0.519242294236273
25.4609375 0.519242361322167
25.46875 0.519242428125836
25.4765625 0.519242494648468
25.484375 0.519242560891246
25.4921875 0.519242626855345
25.5 0.519242692541939
25.5078125 0.519242757952195
25.515625 0.519242823087275
25.5234375 0.519242887948338
25.53125 0.519242952536535
25.5390625 0.519243016853015
25.546875 0.51924308089892
25.5546875 0.519243144675389
25.5625 0.519243208183556
25.5703125 0.519243271424548
25.578125 0.519243334399491
25.5859375 0.519243397109502
25.59375 0.519243459555697
25.6015625 0.519243521739185
25.609375 0.519243583661071
25.6171875 0.519243645322457
25.625 0.519243706724437
25.6328125 0.519243767868103
25.640625 0.519243828754542
25.6484375 0.519243889384836
25.65625 0.519243949760062
25.6640625 0.519244009881293
25.671875 0.519244069749598
25.6796875 0.519244129366041
25.6875 0.519244188731681
25.6953125 0.519244247847573
25.703125 0.519244306714769
25.7109375 0.519244365334313
25.71875 0.519244423707248
25.7265625 0.519244481834612
25.734375 0.519244539717437
25.7421875 0.519244597356752
25.75 0.519244654753582
25.7578125 0.519244711908946
25.765625 0.519244768823861
25.7734375 0.519244825499337
25.78125 0.519244881936383
25.7890625 0.519244938136001
25.796875 0.519244994099189
25.8046875 0.519245049826943
25.8125 0.519245105320253
25.8203125 0.519245160580106
25.828125 0.519245215607482
25.8359375 0.519245270403361
25.84375 0.519245324968716
25.8515625 0.519245379304517
25.859375 0.519245433411729
25.8671875 0.519245487291314
25.875 0.51924554094423
25.8828125 0.519245594371431
25.890625 0.519245647573865
25.8984375 0.519245700552478
25.90625 0.519245753308213
25.9140625 0.519245805842006
25.921875 0.519245858154791
25.9296875 0.519245910247498
25.9375 0.519245962121052
25.9453125 0.519246013776376
25.953125 0.519246065214388
25.9609375 0.519246116436002
25.96875 0.519246167442128
25.9765625 0.519246218233673
25.984375 0.519246268811539
25.9921875 0.519246319176626
26 0.519246369329827
26.0078125 0.519246419272036
26.015625 0.519246469004139
26.0234375 0.51924651852702
26.03125 0.51924656784156
26.0390625 0.519246616948634
26.046875 0.519246665849116
26.0546875 0.519246714543875
26.0625 0.519246763033776
26.0703125 0.519246811319681
26.078125 0.519246859402448
26.0859375 0.519246907282932
26.09375 0.519246954961983
26.1015625 0.51924700244045
26.109375 0.519247049719175
26.1171875 0.519247096798999
26.125 0.51924714368076
26.1328125 0.519247190365289
26.140625 0.519247236853417
26.1484375 0.51924728314597
26.15625 0.519247329243771
26.1640625 0.519247375147639
26.171875 0.51924742085839
26.1796875 0.519247466376836
26.1875 0.519247511703787
26.1953125 0.519247556840047
26.203125 0.519247601786419
26.2109375 0.519247646543703
26.21875 0.519247691112692
26.2265625 0.51924773549418
26.234375 0.519247779688956
26.2421875 0.519247823697804
26.25 0.519247867521507
26.2578125 0.519247911160844
26.265625 0.51924795461659
26.2734375 0.519247997889518
26.28125 0.519248040980397
26.2890625 0.519248083889993
26.296875 0.519248126619067
26.3046875 0.519248169168381
26.3125 0.519248211538689
26.3203125 0.519248253730745
26.328125 0.5192482957453
26.3359375 0.519248337583099
26.34375 0.519248379244886
26.3515625 0.519248420731401
26.359375 0.519248462043383
26.3671875 0.519248503181565
26.375 0.519248544146678
26.3828125 0.519248584939451
26.390625 0.519248625560608
26.3984375 0.519248666010871
26.40625 0.51924870629096
26.4140625 0.51924874640159
26.421875 0.519248786343474
26.4296875 0.519248826117322
26.4375 0.519248865723841
26.4453125 0.519248905163735
26.453125 0.519248944437705
26.4609375 0.519248983546449
26.46875 0.519249022490661
26.4765625 0.519249061271035
26.484375 0.519249099888259
26.4921875 0.519249138343019
26.5 0.519249176636
26.5078125 0.519249214767882
26.515625 0.519249252739342
26.5234375 0.519249290551055
26.53125 0.519249328203694
26.5390625 0.519249365697927
26.546875 0.519249403034421
26.5546875 0.51924944021384
26.5625 0.519249477236844
26.5703125 0.519249514104092
26.578125 0.519249550816238
26.5859375 0.519249587373935
26.59375 0.519249623777833
26.6015625 0.519249660028579
26.609375 0.519249696126818
26.6171875 0.51924973207319
26.625 0.519249767868334
26.6328125 0.519249803512888
26.640625 0.519249839007484
26.6484375 0.519249874352753
26.65625 0.519249909549323
26.6640625 0.519249944597821
26.671875 0.519249979498868
26.6796875 0.519250014253086
26.6875 0.519250048861091
26.6953125 0.5192500833235
26.703125 0.519250117640924
26.7109375 0.519250151813974
26.71875 0.519250185843256
26.7265625 0.519250219729376
26.734375 0.519250253472936
26.7421875 0.519250287074536
26.75 0.519250320534773
26.7578125 0.519250353854241
26.765625 0.519250387033533
26.7734375 0.519250420073238
26.78125 0.519250452973944
26.7890625 0.519250485736236
26.796875 0.519250518360695
26.8046875 0.519250550847902
26.8125 0.519250583198434
26.8203125 0.519250615412866
26.828125 0.519250647491771
26.8359375 0.519250679435718
26.84375 0.519250711245276
26.8515625 0.51925074292101
26.859375 0.519250774463482
26.8671875 0.519250805873254
26.875 0.519250837150884
26.8828125 0.519250868296927
26.890625 0.519250899311938
26.8984375 0.519250930196467
26.90625 0.519250960951063
26.9140625 0.519250991576274
26.921875 0.519251022072643
26.9296875 0.519251052440712
26.9375 0.519251082681021
26.9453125 0.519251112794107
26.953125 0.519251142780507
26.9609375 0.519251172640752
26.96875 0.519251202375374
26.9765625 0.519251231984901
26.984375 0.519251261469859
26.9921875 0.519251290830772
27 0.519251320068162
27.0078125 0.519251349182549
27.015625 0.519251378174451
27.0234375 0.519251407044382
27.03125 0.519251435792855
27.0390625 0.519251464420382
27.046875 0.519251492927472
27.0546875 0.519251521314631
27.0625 0.519251549582363
27.0703125 0.519251577731172
27.078125 0.519251605761557
27.0859375 0.519251633674017
27.09375 0.519251661469047
27.1015625 0.519251689147142
27.109375 0.519251716708794
27.1171875 0.519251744154492
27.125 0.519251771484724
27.1328125 0.519251798699977
27.140625 0.519251825800733
27.1484375 0.519251852787475
27.15625 0.519251879660682
27.1640625 0.519251906420832
27.171875 0.519251933068401
27.1796875 0.519251959603861
27.1875 0.519251986027685
27.1953125 0.519252012340342
27.203125 0.519252038542301
27.2109375 0.519252064634026
27.21875 0.519252090615981
27.2265625 0.519252116488629
27.234375 0.519252142252429
27.2421875 0.519252167907839
27.25 0.519252193455315
27.2578125 0.519252218895311
27.265625 0.51925224422828
27.2734375 0.519252269454671
27.28125 0.519252294574932
27.2890625 0.519252319589512
27.296875 0.519252344498853
27.3046875 0.519252369303399
27.3125 0.51925239400359
27.3203125 0.519252418599866
27.328125 0.519252443092664
27.3359375 0.519252467482419
27.34375 0.519252491769564
27.3515625 0.519252515954532
27.359375 0.519252540037752
27.3671875 0.519252564019652
27.375 0.519252587900659
27.3828125 0.519252611681196
27.390625 0.519252635361687
27.3984375 0.519252658942553
27.40625 0.519252682424212
27.4140625 0.519252705807082
27.421875 0.519252729091578
27.4296875 0.519252752278116
27.4375 0.519252775367105
27.4453125 0.519252798358957
27.453125 0.519252821254081
27.4609375 0.519252844052884
27.46875 0.51925286675577
27.4765625 0.519252889363144
27.484375 0.519252911875406
27.4921875 0.519252934292958
27.5 0.519252956616197
27.5078125 0.519252978845521
27.515625 0.519253000981324
27.5234375 0.519253023024
27.53125 0.519253044973941
27.5390625 0.519253066831537
27.546875 0.519253088597176
27.5546875 0.519253110271245
27.5625 0.51925313185413
27.5703125 0.519253153346214
27.578125 0.519253174747879
27.5859375 0.519253196059506
27.59375 0.519253217281472
27.6015625 0.519253238414156
27.609375 0.519253259457934
27.6171875 0.519253280413178
27.625 0.519253301280262
27.6328125 0.519253322059556
27.640625 0.519253342751431
27.6484375 0.519253363356252
27.65625 0.519253383874388
27.6640625 0.519253404306202
27.671875 0.519253424652058
27.6796875 0.519253444912317
27.6875 0.519253465087339
27.6953125 0.519253485177483
27.703125 0.519253505183106
27.7109375 0.519253525104564
27.71875 0.519253544942211
27.7265625 0.519253564696399
27.734375 0.519253584367479
27.7421875 0.519253603955802
27.75 0.519253623461714
27.7578125 0.519253642885564
27.765625 0.519253662227695
27.7734375 0.519253681488453
27.78125 0.519253700668179
27.7890625 0.519253719767214
27.796875 0.519253738785898
27.8046875 0.519253757724568
27.8125 0.519253776583562
27.8203125 0.519253795363214
27.828125 0.519253814063859
27.8359375 0.519253832685828
27.84375 0.519253851229453
27.8515625 0.519253869695063
27.859375 0.519253888082987
27.8671875 0.519253906393551
27.875 0.519253924627081
27.8828125 0.5192539427839
27.890625 0.519253960864333
27.8984375 0.519253978868699
27.90625 0.519253996797319
27.9140625 0.519254014650512
27.921875 0.519254032428594
27.9296875 0.519254050131883
27.9375 0.519254067760692
27.9453125 0.519254085315335
27.953125 0.519254102796124
27.9609375 0.51925412020337
27.96875 0.519254137537382
27.9765625 0.519254154798468
27.984375 0.519254171986935
27.9921875 0.519254189103088
28 0.519254206147232
28.0078125 0.51925422311967
28.015625 0.519254240020703
28.0234375 0.519254256850632
28.03125 0.519254273609755
28.0390625 0.519254290298371
28.046875 0.519254306916777
28.0546875 0.519254323465267
28.0625 0.519254339944137
28.0703125 0.519254356353678
28.078125 0.519254372694182
28.0859375 0.51925438896594
28.09375 0.519254405169242
28.1015625 0.519254421304374
28.109375 0.519254437371624
28.1171875 0.519254453371278
28.125 0.51925446930362
28.1328125 0.519254485168933
28.140625 0.519254500967498
28.1484375 0.519254516699598
28.15625 0.519254532365511
28.1640625 0.519254547965516
28.171875 0.51925456349989
28.1796875 0.519254578968909
28.1875 0.519254594372849
28.1953125 0.519254609711983
28.203125 0.519254624986583
28.2109375 0.519254640196922
28.21875 0.519254655343269
28.2265625 0.519254670425894
28.234375 0.519254685445064
28.2421875 0.519254700401048
28.25 0.51925471529411
28.2578125 0.519254730124515
28.265625 0.519254744892527
28.2734375 0.519254759598409
28.28125 0.519254774242422
28.2890625 0.519254788824825
28.296875 0.519254803345879
28.3046875 0.519254817805841
28.3125 0.519254832204969
28.3203125 0.519254846543518
28.328125 0.519254860821743
28.3359375 0.519254875039898
28.34375 0.519254889198236
28.3515625 0.519254903297009
28.359375 0.519254917336466
28.3671875 0.519254931316857
28.375 0.519254945238432
28.3828125 0.519254959101437
28.390625 0.519254972906119
28.3984375 0.519254986652723
28.40625 0.519255000341494
28.4140625 0.519255013972674
28.421875 0.519255027546507
28.4296875 0.519255041063233
28.4375 0.519255054523093
28.4453125 0.519255067926325
28.453125 0.519255081273169
28.4609375 0.519255094563861
28.46875 0.519255107798637
28.4765625 0.519255120977734
28.484375 0.519255134101384
28.4921875 0.519255147169822
28.5 0.51925516018328
28.5078125 0.519255173141988
28.515625 0.519255186046178
28.5234375 0.519255198896078
28.53125 0.519255211691917
28.5390625 0.519255224433923
28.546875 0.519255237122322
28.5546875 0.519255249757339
28.5625 0.519255262339199
28.5703125 0.519255274868126
28.578125 0.519255287344343
28.5859375 0.51925529976807
28.59375 0.519255312139529
28.6015625 0.519255324458941
28.609375 0.519255336726523
28.6171875 0.519255348942494
28.625 0.519255361107071
28.6328125 0.51925537322047
28.640625 0.519255385282907
28.6484375 0.519255397294595
28.65625 0.51925540925575
28.6640625 0.519255421166582
28.671875 0.519255433027304
28.6796875 0.519255444838126
28.6875 0.519255456599259
28.6953125 0.519255468310912
28.703125 0.519255479973292
28.7109375 0.519255491586607
28.71875 0.519255503151064
28.7265625 0.519255514666868
28.734375 0.519255526134223
28.7421875 0.519255537553334
28.75 0.519255548924403
28.7578125 0.519255560247633
28.765625 0.519255571523224
28.7734375 0.519255582751378
28.78125 0.519255593932294
28.7890625 0.51925560506617
28.796875 0.519255616153205
28.8046875 0.519255627193595
28.8125 0.519255638187538
28.8203125 0.519255649135227
28.828125 0.519255660036858
28.8359375 0.519255670892624
28.84375 0.519255681702719
28.8515625 0.519255692467335
28.859375 0.519255703186663
28.8671875 0.519255713860893
28.875 0.519255724490215
28.8828125 0.519255735074819
28.890625 0.519255745614891
28.8984375 0.519255756110621
28.90625 0.519255766562193
28.9140625 0.519255776969795
28.921875 0.519255787333611
28.9296875 0.519255797653824
28.9375 0.51925580793062
28.9453125 0.519255818164179
28.953125 0.519255828354685
28.9609375 0.519255838502318
28.96875 0.519255848607259
28.9765625 0.519255858669687
28.984375 0.519255868689781
28.9921875 0.519255878667719
29 0.519255888603679
29.0078125 0.519255898497837
29.015625 0.519255908350369
29.0234375 0.519255918161451
29.03125 0.519255927931256
29.0390625 0.519255937659958
29.046875 0.51925594734773
29.0546875 0.519255956994745
29.0625 0.519255966601173
29.0703125 0.519255976167186
29.078125 0.519255985692954
29.0859375 0.519255995178646
29.09375 0.51925600462443
29.1015625 0.519256014030474
29.109375 0.519256023396946
29.1171875 0.519256032724012
29.125 0.519256042011838
29.1328125 0.519256051260589
29.140625 0.519256060470429
29.1484375 0.519256069641523
29.15625 0.519256078774032
29.1640625 0.51925608786812
29.171875 0.519256096923948
29.1796875 0.519256105941676
29.1875 0.519256114921466
29.1953125 0.519256123863477
29.203125 0.519256132767868
29.2109375 0.519256141634797
29.21875 0.519256150464422
29.2265625 0.519256159256899
29.234375 0.519256168012385
29.2421875 0.519256176731036
29.25 0.519256185413006
29.2578125 0.51925619405845
29.265625 0.519256202667521
29.2734375 0.519256211240373
29.28125 0.519256219777158
29.2890625 0.519256228278028
29.296875 0.519256236743133
29.3046875 0.519256245172625
29.3125 0.519256253566653
29.3203125 0.519256261925366
29.328125 0.519256270248912
29.3359375 0.519256278537441
29.34375 0.519256286791098
29.3515625 0.519256295010032
29.359375 0.519256303194387
29.3671875 0.519256311344309
29.375 0.519256319459944
29.3828125 0.519256327541436
29.390625 0.519256335588927
29.3984375 0.519256343602562
29.40625 0.519256351582482
29.4140625 0.519256359528829
29.421875 0.519256367441746
29.4296875 0.519256375321371
29.4375 0.519256383167846
29.4453125 0.51925639098131
29.453125 0.519256398761902
29.4609375 0.519256406509759
29.46875 0.519256414225021
29.4765625 0.519256421907823
29.484375 0.519256429558302
29.4921875 0.519256437176596
29.5 0.519256444762837
29.5078125 0.519256452317163
29.515625 0.519256459839707
29.5234375 0.519256467330602
29.53125 0.519256474789982
29.5390625 0.519256482217979
29.546875 0.519256489614726
29.5546875 0.519256496980354
29.5625 0.519256504314994
29.5703125 0.519256511618775
29.578125 0.519256518891829
29.5859375 0.519256526134284
29.59375 0.519256533346269
29.6015625 0.519256540527913
29.609375 0.519256547679342
29.6171875 0.519256554800684
29.625 0.519256561892066
29.6328125 0.519256568953613
29.640625 0.519256575985452
29.6484375 0.519256582987706
29.65625 0.519256589960502
29.6640625 0.519256596903961
29.671875 0.519256603818209
29.6796875 0.519256610703367
29.6875 0.519256617559559
29.6953125 0.519256624386906
29.703125 0.519256631185529
29.7109375 0.51925663795555
29.71875 0.519256644697088
29.7265625 0.519256651410263
29.734375 0.519256658095196
29.7421875 0.519256664752003
29.75 0.519256671380805
29.7578125 0.519256677981719
29.765625 0.519256684554861
29.7734375 0.51925669110035
29.78125 0.519256697618301
29.7890625 0.519256704108829
29.796875 0.519256710572052
29.8046875 0.519256717008082
29.8125 0.519256723417036
29.8203125 0.519256729799026
29.828125 0.519256736154166
29.8359375 0.519256742482569
29.84375 0.519256748784348
29.8515625 0.519256755059614
29.859375 0.519256761308479
29.8671875 0.519256767531055
29.875 0.519256773727451
29.8828125 0.519256779897778
29.890625 0.519256786042146
29.8984375 0.519256792160664
29.90625 0.51925679825344
29.9140625 0.519256804320583
29.921875 0.519256810362201
29.9296875 0.5192568163784
29.9375 0.519256822369289
29.9453125 0.519256828334973
29.953125 0.519256834275559
29.9609375 0.519256840191152
29.96875 0.519256846081858
29.9765625 0.51925685194778
29.984375 0.519256857789023
29.9921875 0.519256863605692
30 0.519256869397889
30.0078125 0.519256875165718
30.015625 0.51925688090928
30.0234375 0.519256886628679
30.03125 0.519256892324015
30.0390625 0.51925689799539
30.046875 0.519256903642905
30.0546875 0.51925690926666
30.0625 0.519256914866755
30.0703125 0.51925692044329
30.078125 0.519256925996363
30.0859375 0.519256931526074
30.09375 0.51925693703252
30.1015625 0.519256942515801
30.109375 0.519256947976012
30.1171875 0.519256953413251
30.125 0.519256958827615
30.1328125 0.519256964219201
30.140625 0.519256969588103
30.1484375 0.519256974934417
30.15625 0.519256980258239
30.1640625 0.519256985559662
30.171875 0.519256990838782
30.1796875 0.519256996095691
30.1875 0.519257001330485
30.1953125 0.519257006543254
30.203125 0.519257011734093
30.2109375 0.519257016903093
30.21875 0.519257022050347
30.2265625 0.519257027175945
30.234375 0.519257032279979
30.2421875 0.51925703736254
30.25 0.519257042423718
30.2578125 0.519257047463602
30.265625 0.519257052482283
30.2734375 0.51925705747985
30.28125 0.519257062456392
30.2890625 0.519257067411996
30.296875 0.519257072346751
30.3046875 0.519257077260746
30.3125 0.519257082154066
30.3203125 0.519257087026799
30.328125 0.519257091879033
30.3359375 0.519257096710852
30.34375 0.519257101522343
30.3515625 0.519257106313591
30.359375 0.519257111084682
30.3671875 0.5192571158357
30.375 0.51925712056673
30.3828125 0.519257125277856
30.390625 0.519257129969161
30.3984375 0.51925713464073
30.40625 0.519257139292644
30.4140625 0.519257143924988
30.421875 0.519257148537842
30.4296875 0.519257153131289
30.4375 0.519257157705411
30.4453125 0.51925716226029
30.453125 0.519257166796005
30.4609375 0.519257171312637
30.46875 0.519257175810268
30.4765625 0.519257180288976
30.484375 0.519257184748842
30.4921875 0.519257189189945
30.5 0.519257193612363
30.5078125 0.519257198016176
30.515625 0.519257202401461
30.5234375 0.519257206768296
30.53125 0.51925721111676
30.5390625 0.519257215446928
30.546875 0.51925721975888
30.5546875 0.51925722405269
30.5625 0.519257228328436
30.5703125 0.519257232586193
30.578125 0.519257236826037
30.5859375 0.519257241048043
30.59375 0.519257245252287
30.6015625 0.519257249438843
30.609375 0.519257253607785
30.6171875 0.519257257759188
30.625 0.519257261893126
30.6328125 0.519257266009671
30.640625 0.519257270108898
30.6484375 0.519257274190878
30.65625 0.519257278255685
30.6640625 0.519257282303391
30.671875 0.519257286334067
30.6796875 0.519257290347786
30.6875 0.519257294344619
30.6953125 0.519257298324636
30.703125 0.519257302287909
30.7109375 0.519257306234508
30.71875 0.519257310164502
30.7265625 0.519257314077963
30.734375 0.51925731797496
30.7421875 0.519257321855561
30.75 0.519257325719835
30.7578125 0.519257329567853
30.765625 0.519257333399681
30.7734375 0.519257337215388
30.78125 0.519257341015041
30.7890625 0.519257344798709
30.796875 0.519257348566459
30.8046875 0.519257352318357
30.8125 0.51925735605447
30.8203125 0.519257359774865
30.828125 0.519257363479608
30.8359375 0.519257367168764
30.84375 0.5192573708424
30.8515625 0.51925737450058
30.859375 0.519257378143369
30.8671875 0.519257381770833
30.875 0.519257385383036
30.8828125 0.519257388980041
30.890625 0.519257392561913
30.8984375 0.519257396128716
30.90625 0.519257399680513
30.9140625 0.519257403217367
30.921875 0.51925740673934
30.9296875 0.519257410246497
30.9375 0.519257413738898
30.9453125 0.519257417216606
30.953125 0.519257420679683
30.9609375 0.51925742412819
30.96875 0.519257427562189
30.9765625 0.519257430981741
30.984375 0.519257434386906
30.9921875 0.519257437777744
31 0.519257441154318
31.0078125 0.519257444516685
31.015625 0.519257447864906
31.0234375 0.519257451199041
31.03125 0.519257454519149
31.0390625 0.519257457825289
31.046875 0.519257461117519
31.0546875 0.519257464395898
31.0625 0.519257467660485
31.0703125 0.519257470911337
31.078125 0.519257474148512
31.0859375 0.519257477372068
31.09375 0.519257480582062
31.1015625 0.519257483778551
31.109375 0.519257486961592
31.1171875 0.519257490131241
31.125 0.519257493287556
31.1328125 0.519257496430591
31.140625 0.519257499560403
31.1484375 0.519257502677047
31.15625 0.519257505780579
31.1640625 0.519257508871054
31.171875 0.519257511948528
31.1796875 0.519257515013053
31.1875 0.519257518064686
31.1953125 0.51925752110348
31.203125 0.51925752412949
31.2109375 0.519257527142768
31.21875 0.519257530143369
31.2265625 0.519257533131347
31.234375 0.519257536106753
31.2421875 0.519257539069642
31.25 0.519257542020065
31.2578125 0.519257544958075
31.265625 0.519257547883725
31.2734375 0.519257550797066
31.28125 0.51925755369815
31.2890625 0.519257556587029
31.296875 0.519257559463753
31.3046875 0.519257562328375
31.3125 0.519257565180946
31.3203125 0.519257568021515
31.328125 0.519257570850133
31.3359375 0.519257573666851
31.34375 0.519257576471718
31.3515625 0.519257579264785
31.359375 0.519257582046101
31.3671875 0.519257584815716
31.375 0.519257587573679
31.3828125 0.519257590320038
31.390625 0.519257593054843
31.3984375 0.519257595778142
31.40625 0.519257598489984
31.4140625 0.519257601190417
31.421875 0.519257603879489
31.4296875 0.519257606557248
31.4375 0.51925760922374
31.4453125 0.519257611879015
31.453125 0.519257614523118
31.4609375 0.519257617156097
31.46875 0.519257619777998
31.4765625 0.519257622388869
31.484375 0.519257624988756
31.4921875 0.519257627577705
31.5 0.519257630155761
31.5078125 0.519257632722971
31.515625 0.519257635279381
31.5234375 0.519257637825035
31.53125 0.519257640359979
31.5390625 0.519257642884259
31.546875 0.519257645397918
31.5546875 0.519257647901003
31.5625 0.519257650393556
31.5703125 0.519257652875623
31.578125 0.519257655347247
31.5859375 0.519257657808473
31.59375 0.519257660259344
31.6015625 0.519257662699904
31.609375 0.519257665130196
31.6171875 0.519257667550263
31.625 0.519257669960149
31.6328125 0.519257672359896
31.640625 0.519257674749547
31.6484375 0.519257677129145
31.65625 0.519257679498731
31.6640625 0.519257681858348
31.671875 0.519257684208037
31.6796875 0.519257686547841
31.6875 0.519257688877801
31.6953125 0.519257691197959
31.703125 0.519257693508356
31.7109375 0.519257695809032
31.71875 0.519257698100029
31.7265625 0.519257700381387
31.734375 0.519257702653148
31.7421875 0.51925770491535
31.75 0.519257707168036
31.7578125 0.519257709411243
31.765625 0.519257711645014
31.7734375 0.519257713869386
31.78125 0.519257716084401
31.7890625 0.519257718290096
31.796875 0.519257720486512
31.8046875 0.519257722673687
31.8125 0.51925772485166
31.8203125 0.51925772702047
31.828125 0.519257729180156
31.8359375 0.519257731330756
31.84375 0.519257733472307
31.8515625 0.519257735604849
31.859375 0.519257737728419
31.8671875 0.519257739843055
31.875 0.519257741948794
31.8828125 0.519257744045674
31.890625 0.519257746133732
31.8984375 0.519257748213005
31.90625 0.519257750283531
31.9140625 0.519257752345345
31.921875 0.519257754398485
31.9296875 0.519257756442988
31.9375 0.519257758478888
31.9453125 0.519257760506224
31.953125 0.51925776252503
31.9609375 0.519257764535342
31.96875 0.519257766537197
31.9765625 0.51925776853063
31.984375 0.519257770515676
31.9921875 0.519257772492371
32 0.519257774460749
Total steps: 4096
