0 0
0.0078125 7.8431319630967e-005
0.015625 0.000157170067552809
0.0234375 0.000236217350972544
0.03125 0.000315574280285968
0.0390625 0.000395241969080114
0.046875 0.000475221534135638
0.0546875 0.000555514095429146
0.0625 0.000636120776135454
0.0703125 0.000717042702629782
0.078125 0.000798281004489878
0.0859375 0.000879836814498077
0.09375 0.00096171126864329
0.1015625 0.00104390550612292
0.109375 0.00112642066934472
0.1171875 0.00120925790392857
0.125 0.00129241835870817
0.1328125 0.00137590318573269
0.140625 0.00145971354026832
0.1484375 0.00154385058079979
0.15625 0.00162831546903173
0.1640625 0.00171310936989004
0.171875 0.00179823345152316
0.1796875 0.00188368888530323
0.1875 0.00196947684582722
0.1953125 0.00205559851091794
0.203125 0.00214205506162498
0.2109375 0.00222884768222563
0.21875 0.00231597756022561
0.2265625 0.0024034458863598
0.234375 0.00249125385459288
0.2421875 0.00257940266211984
0.25 0.00266789350936647
0.2578125 0.00275672759998969
0.265625 0.0028459061408779
0.2734375 0.0029354303421511
0.28125 0.00302530141716107
0.2890625 0.00311552058249137
0.296875 0.00320608905795727
0.3046875 0.00329700806660559
0.3125 0.00338827883471447
0.3203125 0.00347990259179305
0.328125 0.00357188057058099
0.3359375 0.003664214007048
0.34375 0.00375690414039319
0.3515625 0.00384995221304437
0.359375 0.00394335947065726
0.3671875 0.00403712716211455
0.375 0.00413125653952492
0.3828125 0.00422574885822195
0.390625 0.00432060537676292
0.3984375 0.00441582735692745
0.40625 0.00451141606371622
0.4140625 0.00460737276534933
0.421875 0.0047036987332648
0.4296875 0.00480039524211681
0.4375 0.00489746356977391
0.4453125 0.00499490499731705
0.453125 0.00509272080903762
0.4609375 0.00519091229243528
0.46875 0.00528948073821571
0.4765625 0.00538842744028829
0.484375 0.00548775369576358
0.4921875 0.00558746080495082
0.5 0.00568755007135519
0.5078125 0.005788022801675
0.515625 0.00588888030579885
0.5234375 0.0059901238968025
0.53125 0.00609175489094581
0.5390625 0.00619377460766944
0.546875 0.00629618436959145
0.5546875 0.00639898550250384
0.5625 0.00650217933536891
0.5703125 0.00660576720031552
0.578125 0.00670975043263521
0.5859375 0.00681413037077826
0.59375 0.00691890835634953
0.6015625 0.00702408573410425
0.609375 0.00712966385194365
0.6171875 0.00723564406091048
0.625 0.00734202771518438
0.6328125 0.00744881617207716
0.640625 0.00755601079202787
0.6484375 0.00766361293859785
0.65625 0.00777162397846557
0.6640625 0.00788004528142135
0.671875 0.00798887822036193
0.6796875 0.00809812417128499
0.6875 0.00820778451328342
0.6953125 0.00831786062853952
0.703125 0.00842835390231901
0.7109375 0.00853926572296501
0.71875 0.00865059748189174
0.7265625 0.00876235057357816
0.734375 0.00887452639556145
0.7421875 0.00898712634843034
0.75 0.00910015183581832
0.7578125 0.00921360426439666
0.765625 0.00932748504386734
0.7734375 0.00944179558695574
0.78125 0.0095565373094033
0.7890625 0.00967171162995994
0.796875 0.00978731997037636
0.8046875 0.00990336375539618
0.8125 0.0100198444127479
0.8203125 0.0101367633731369
0.828125 0.0102541220702369
0.8359375 0.0103719219406815
0.84375 0.0104901644240557
0.8515625 0.0106088509628871
0.859375 0.0107279830026367
0.8671875 0.01084756199169
0.875 0.0109675893813478
0.8828125 0.0110880666258165
0.890625 0.0112089951821986
0.8984375 0.011330376510483
0.90625 0.0114522120735348
0.9140625 0.0115745033370858
0.921875 0.0116972517697234
0.9296875 0.0118204588428807
0.9375 0.0119441260308257
0.9453125 0.0120682548106505
0.953125 0.0121928466622605
0.9609375 0.0123179030683628
0.96875 0.0124434255144555
0.9765625 0.0125694154888157
0.984375 0.012695874482488
0.9921875 0.0128228039892726
1 0.0129502055057135
1.0078125 0.0130780805310857
1.015625 0.0132064305673835
1.0234375 0.0133352571193073
1.03125 0.0134645616942511
1.0390625 0.0135943458022898
1.046875 0.0137246109561653
1.0546875 0.0138553586712739
1.0625 0.0139865904656524
1.0703125 0.0141183078599643
1.078125 0.0142505123774862
1.0859375 0.0143832055440933
1.09375 0.0145163888882453
1.1015625 0.0146500639409721
1.109375 0.0147842322358586
1.1171875 0.01491889530903
1.125 0.0150540546991369
1.1328125 0.0151897119473398
1.140625 0.0153258685972934
1.1484375 0.0154625261951314
1.15625 0.01559968628945
1.1640625 0.015737350431292
1.171875 0.0158755201741308
1.1796875 0.0160141970738533
1.1875 0.0161533826887433
1.1953125 0.0162930785794648
1.203125 0.0164332863090446
1.2109375 0.0165740074428548
1.21875 0.0167152435485954
1.2265625 0.0168569961962764
1.234375 0.0169992669581997
1.2421875 0.0171420574089409
1.25 0.0172853691253307
1.2578125 0.0174292036864363
1.265625 0.0175735626735427
1.2734375 0.0177184476701329
1.28125 0.0178638602618692
1.2890625 0.0180098020365731
1.296875 0.0181562745842059
1.3046875 0.0183032794968483
1.3125 0.0184508183686801
1.3203125 0.0185988927959599
1.328125 0.0187475043770045
1.3359375 0.0188966547121671
1.34375 0.0190463454038173
1.3515625 0.0191965780563184
1.359375 0.0193473542760065
1.3671875 0.0194986756711686
1.375 0.0196505438520196
1.3828125 0.0198029604306811
1.390625 0.0199559270211575
1.3984375 0.0201094452393142
1.40625 0.0202635167028536
1.4140625 0.0204181430312923
1.421875 0.020573325845937
1.4296875 0.020729066769861
1.4375 0.02088536742788
1.4453125 0.0210422294465274
1.453125 0.02119965445403
1.4609375 0.0213576440802829
1.46875 0.0215161999568247
1.4765625 0.0216753237168115
1.484375 0.021835016994992
1.4921875 0.021995281427681
1.5 0.0221561186527333
1.5078125 0.0223175303095175
1.515625 0.0224795180388894
1.5234375 0.0226420834831645
1.53125 0.0228052282860915
1.5390625 0.0229689540928241
1.546875 0.0231332625498939
1.5546875 0.023298155305182
1.5625 0.0234636340078908
1.5703125 0.0236297003085155
1.578125 0.0237963558588152
1.5859375 0.023963602311784
1.59375 0.0241314413216214
1.6015625 0.0242998745437029
1.609375 0.0244689036345497
1.6171875 0.0246385302517991
1.625 0.0248087560541735
1.6328125 0.0249795827014501
1.640625 0.0251510118544294
1.6484375 0.0253230451749044
1.65625 0.0254956843256287
1.6640625 0.0256689309702846
1.671875 0.0258427867734515
1.6796875 0.0260172534005726
1.6875 0.0261923325179229
1.6953125 0.0263680257925761
1.703125 0.0265443348923709
1.7109375 0.0267212614858779
1.71875 0.0268988072423654
1.7265625 0.0270769738317656
1.734375 0.0272557629246398
1.7421875 0.027435176192144
1.75 0.0276152153059935
1.7578125 0.0277958819384279
1.765625 0.0279771777621754
1.7734375 0.0281591044504168
1.78125 0.0283416636767495
1.7890625 0.0285248571151506
1.796875 0.0287086864399406
1.8046875 0.028893153325746
1.8125 0.029078259447462
1.8203125 0.0292640064802145
1.828125 0.0294503960993227
1.8359375 0.0296374299802602
1.84375 0.0298251097986167
1.8515625 0.0300134372300592
1.859375 0.0302024139502923
1.8671875 0.0303920416350193
1.875 0.0305823219599018
1.8828125 0.0307732566005199
1.890625 0.0309648472323316
1.8984375 0.0311570955306323
1.90625 0.0313500031705134
1.9140625 0.031543571826821
1.921875 0.0317378031741144
1.9296875 0.0319326988866239
1.9375 0.0321282606382086
1.9453125 0.0323244901023137
1.953125 0.0325213889519277
1.9609375 0.0327189588595389
1.96875 0.0329172014970921
1.9765625 0.0331161185359445
1.984375 0.0333157116468215
1.9921875 0.0335159824997726
2 0.0337169327641258
2.0078125 0.0339185641084433
2.015625 0.0341208782004752
2.0234375 0.0343238767071144
2.03125 0.0345275612943501
2.0390625 0.0347319336272213
2.046875 0.0349369953697706
2.0546875 0.0351427481849964
2.0625 0.0353491937348059
2.0703125 0.0355563336799674
2.078125 0.0357641696800622
2.0859375 0.035972703393436
2.09375 0.0361819364771508
2.1015625 0.0363918705869352
2.109375 0.0366025073771355
2.1171875 0.0368138485006659
2.125 0.0370258956089587
2.1328125 0.0372386503519136
2.140625 0.0374521143778474
2.1484375 0.0376662893334431
2.15625 0.0378811768636982
2.1640625 0.0380967786118736
2.171875 0.0383130962194412
2.1796875 0.0385301313260321
2.1875 0.0387478855693836
2.1953125 0.0389663605852865
2.203125 0.0391855580075318
2.2109375 0.0394054794678573
2.21875 0.0396261265958934
2.2265625 0.0398475010191092
2.234375 0.0400696043627577
2.2421875 0.040292438249821
2.25 0.0405160043009553
2.2578125 0.040740304134435
2.265625 0.0409653393660973
2.2734375 0.0411911116092856
2.28125 0.0414176224747933
2.2890625 0.0416448735708068
2.296875 0.0418728665028485
2.3046875 0.0421016028737191
2.3125 0.04233108428344
2.3203125 0.0425613123291951
2.328125 0.0427922886052724
2.3359375 0.0430240147030051
2.34375 0.0432564922107125
2.3515625 0.0434897227136408
2.359375 0.0437237077939032
2.3671875 0.0439584490304198
2.375 0.044193947998857
2.3828125 0.0444302062715675
2.390625 0.0446672254175284
2.3984375 0.0449050070022803
2.40625 0.0451435525878658
2.4140625 0.045382863732767
2.421875 0.0456229419918436
2.4296875 0.04586378891627
2.4375 0.0461054060534727
2.4453125 0.0463477949470665
2.453125 0.0465909571367915
2.4609375 0.0468348941584487
2.46875 0.0470796075438362
2.4765625 0.0473250988206844
2.484375 0.0475713695125912
2.4921875 0.047818421138957
2.5 0.0480662552149191
2.5078125 0.048314873251286
2.515625 0.0485642767544712
2.5234375 0.0488144672264269
2.53125 0.0490654461645774
2.5390625 0.049317215061752
2.546875 0.0495697754061175
2.5546875 0.049823128681111
2.5625 0.0500772763653717
2.5703125 0.0503322199326726
2.578125 0.0505879608518525
2.5859375 0.0508445005867465
2.59375 0.0511018405961174
2.6015625 0.0513599823335859
2.609375 0.0516189272475615
2.6171875 0.0518786767811717
2.625 0.0521392323721924
2.6328125 0.0524005954529769
2.640625 0.0526627674503855
2.6484375 0.0529257497857136
2.65625 0.053189543874621
2.6640625 0.0534541511270599
2.671875 0.0537195729472028
2.6796875 0.0539858107333703
2.6875 0.0542528658779585
2.6953125 0.0545207397673663
2.703125 0.0547894337819221
2.7109375 0.0550589492958107
2.71875 0.0553292876769991
2.7265625 0.0556004502871632
2.734375 0.0558724384816133
2.7421875 0.0561452536092194
2.75 0.056418897012337
2.7578125 0.0566933700267319
2.765625 0.0569686739815045
2.7734375 0.0572448101990153
2.78125 0.0575217799948079
2.7890625 0.0577995846775342
2.796875 0.0580782255488773
2.8046875 0.0583577039034752
2.8125 0.0586380210288444
2.8203125 0.0589191782053025
2.828125 0.0592011767058909
2.8359375 0.0594840177962978
2.84375 0.0597677027347801
2.8515625 0.0600522327720856
2.859375 0.0603376091513748
2.8671875 0.0606238331081424
2.875 0.0609109058701388
2.8828125 0.0611988286572915
2.890625 0.0614876026816254
2.8984375 0.061777229147184
2.90625 0.06206770924995
2.9140625 0.062359044177765
2.921875 0.0626512351102503
2.9296875 0.0629442832187262
2.9375 0.0632381896661321
2.9453125 0.0635329556069457
2.953125 0.0638285821871025
2.9609375 0.0641250705439147
2.96875 0.0644224218059902
2.9765625 0.0647206370931512
2.984375 0.0650197175163532
2.9921875 0.0653196641776026
3 0.0656204781698754
3.0078125 0.0659221605770352
3.015625 0.0662247124737508
3.0234375 0.0665281349254142
3.03125 0.0668324289880576
3.0390625 0.0671375957082714
3.046875 0.0674436361231208
3.0546875 0.0677505512600633
3.0625 0.0680583421368654
3.0703125 0.0683670097615193
3.078125 0.0686765551321598
3.0859375 0.0689869792369803
3.09375 0.0692982830541497
3.1015625 0.0696104675517284
3.109375 0.069923533687584
3.1171875 0.0702374824093082
3.125 0.0705523146541318
3.1328125 0.0708680313488408
3.140625 0.0711846334096921
3.1484375 0.0715021217423291
3.15625 0.0718204972416969
3.1640625 0.0721397607919577
3.171875 0.0724599132664066
3.1796875 0.0727809555273858
3.1875 0.0731028884262007
3.1953125 0.0734257128030342
3.203125 0.073749429486862
3.2109375 0.0740740392953675
3.21875 0.0743995430348565
3.2265625 0.074725941500172
3.234375 0.075053235474609
3.2421875 0.0753814257298289
3.25 0.0757105130257745
3.2578125 0.0760404981105844
3.265625 0.0763713817205075
3.2734375 0.0767031645798176
3.28125 0.0770358474007279
3.2890625 0.0773694308833055
3.296875 0.0777039157153857
3.3046875 0.0780393025724868
3.3125 0.0783755921177242
3.3203125 0.0787127850017251
3.328125 0.079050881862543
3.3359375 0.0793898833255718
3.34375 0.0797297900034608
3.3515625 0.0800706024960289
3.359375 0.0804123213901794
3.3671875 0.0807549472598143
3.375 0.0810984806657491
3.3828125 0.0814429221556275
3.390625 0.0817882722638361
3.3984375 0.0821345315114191
3.40625 0.0824817004059934
3.4140625 0.082829779441663
3.421875 0.0831787690989347
3.4296875 0.0835286698446326
3.4375 0.0838794821318135
3.4453125 0.0842312063996821
3.453125 0.0845838430735064
3.4609375 0.084937392564533
3.46875 0.085291855269903
3.4765625 0.0856472315725673
3.484375 0.0860035218412026
3.4921875 0.0863607264301274
3.5 0.0867188456792178
3.5078125 0.0870778799138239
3.515625 0.0874378294446863
3.5234375 0.0877986945678523
3.53125 0.0881604755645927
3.5390625 0.0885231727013187
3.546875 0.0888867862294989
3.5546875 0.0892513163855762
3.5625 0.0896167633908859
3.5703125 0.0899831274515722
3.578125 0.0903504087585071
3.5859375 0.0907186074872073
3.59375 0.0910877237977534
3.6015625 0.0914577578347075
3.609375 0.0918287097270322
3.6171875 0.0922005795880094
3.625 0.0925733675151595
3.6328125 0.0929470735901605
3.640625 0.0933216978787679
3.6484375 0.0936972404307342
3.65625 0.0940737012797294
3.6640625 0.0944510804432613
3.671875 0.0948293779225957
3.6796875 0.0952085937026783
3.6875 0.0955887277520551
3.6953125 0.0959697800227944
3.703125 0.0963517504504085
3.7109375 0.0967346389537761
3.71875 0.0971184454350645
3.7265625 0.0975031697796527
3.734375 0.0978888118560546
3.7421875 0.0982753715158422
3.75 0.0986628485935698
3.7578125 0.099051242906698
3.765625 0.0994405542555185
3.7734375 0.0998307824230791
3.78125 0.100221927175109
3.7890625 0.100613988259944
3.796875 0.101006965408453
3.8046875 0.101400858333966
3.8125 0.101795666732198
3.8203125 0.102191390281179
3.828125 0.102588028641182
3.8359375 0.102985581454647
3.84375 0.103384048346116
3.8515625 0.103783428922156
3.859375 0.104183722771295
3.8671875 0.104584929463945
3.875 0.104987048552337
3.8828125 0.105390079570452
3.890625 0.105794022033951
3.8984375 0.106198875440107
3.90625 0.106604639267738
3.9140625 0.10701131297714
3.921875 0.10741889601002
3.9296875 0.10782738778943
3.9375 0.108236787719702
3.9453125 0.108647095186385
3.953125 0.109058309556174
3.9609375 0.109470430176856
3.96875 0.109883456377238
3.9765625 0.110297387467088
3.984375 0.110712222737073
3.9921875 0.111127961458699
4 0.111544602884245
4.0078125 0.111962146246708
4.015625 0.112380590759741
4.0234375 0.112799935617592
4.03125 0.11322017999505
4.0390625 0.113641323047383
4.046875 0.114063363910284
4.0546875 0.11448630169981
4.0625 0.114910135512332
4.0703125 0.115334864424474
4.078125 0.115760487493064
4.0859375 0.116187003755073
4.09375 0.11661441222757
4.1015625 0.117042711907662
4.109375 0.117471901772448
4.1171875 0.117901980778964
4.125 0.118332947864134
4.1328125 0.118764801944719
4.140625 0.119197541917273
4.1484375 0.119631166658086
4.15625 0.120065675023145
4.1640625 0.120501065848082
4.171875 0.120937337948131
4.1796875 0.121374490118081
4.1875 0.12181252113223
4.1953125 0.122251429744347
4.203125 0.122691214687623
4.2109375 0.123131874674632
4.21875 0.12357340839729
4.2265625 0.124015814526812
4.234375 0.124459091713675
4.2421875 0.124903238587578
4.25 0.125348253757405
4.2578125 0.125794135811187
4.265625 0.126240883316063
4.2734375 0.126688494818251
4.28125 0.127136968843007
4.2890625 0.127586303894596
4.296875 0.128036498456256
4.3046875 0.128487550990166
4.3125 0.128939459937418
4.3203125 0.129392223717984
4.328125 0.129845840730687
4.3359375 0.130300309353175
4.34375 0.13075562794189
4.3515625 0.131211794832043
4.359375 0.13166880833759
4.3671875 0.132126666751204
4.375 0.132585368344256
4.3828125 0.133044911366785
4.390625 0.133505294047485
4.3984375 0.133966514593677
4.40625 0.134428571191293
4.4140625 0.134891462004854
4.421875 0.135355185177456
4.4296875 0.135819738830749
4.4375 0.136285121064925
4.4453125 0.1367513299587
4.453125 0.1372183635693
4.4609375 0.137686219932449
4.46875 0.13815489706236
4.4765625 0.138624392951718
4.484375 0.139094705571674
4.4921875 0.139565832871836
4.5 0.140037772780261
4.5078125 0.140510523203446
4.515625 0.140984082026326
4.5234375 0.141458447112266
4.53125 0.141933616303061
4.5390625 0.142409587418928
4.546875 0.142886358258511
4.5546875 0.143363926598876
4.5625 0.143842290195512
4.5703125 0.144321446782337
4.578125 0.144801394071694
4.5859375 0.145282129754362
4.59375 0.145763651499556
4.6015625 0.146245956954936
4.609375 0.146729043746612
4.6171875 0.147212909479155
4.625 0.147697551735604
4.6328125 0.14818296807748
4.640625 0.148669156044793
4.6484375 0.14915611315606
4.65625 0.149643836908315
4.6640625 0.150132324777126
4.671875 0.150621574216611
4.6796875 0.151111582659457
4.6875 0.151602347516936
4.6953125 0.152093866178927
4.703125 0.152586136013934
4.7109375 0.153079154369112
4.71875 0.153572918570288
4.7265625 0.154067425921986
4.734375 0.154562673707452
4.7421875 0.155058659188683
4.75 0.155555379606449
4.7578125 0.156052832180332
4.765625 0.156551014108748
4.7734375 0.15704992256898
4.78125 0.157549554717214
4.7890625 0.158049907688571
4.796875 0.158550978597142
4.8046875 0.159052764536024
4.8125 0.159555262577359
4.8203125 0.160058469772369
4.828125 0.160562383151401
4.8359375 0.161066999723966
4.84375 0.161572316478781
4.8515625 0.16207833038381
4.859375 0.162585038386314
4.8671875 0.163092437412894
4.875 0.163600524369539
4.8828125 0.164109296141672
4.890625 0.164618749594204
4.8984375 0.16512888157158
4.90625 0.165639688897836
4.9140625 0.166151168376648
4.921875 0.166663316791389
4.9296875 0.167176130905183
4.9375 0.167689607460964
4.9453125 0.168203743181533
4.953125 0.168718534769617
4.9609375 0.16923397890793
4.96875 0.169750072259236
4.9765625 0.170266811466409
4.984375 0.1707841931525
4.9921875 0.171302213920802
5 0.171820870354917
5.0078125 0.172340159018821
5.015625 0.172860076456938
5.0234375 0.173380619194207
5.03125 0.173901783736153
5.0390625 0.174423566568962
5.046875 0.174945964159556
5.0546875 0.175468972955663
5.0625 0.1759925893859
5.0703125 0.176516809859845
5.078125 0.177041630768121
5.0859375 0.17756704848247
5.09375 0.178093059355841
5.1015625 0.178619659722467
5.109375 0.179146845897951
5.1171875 0.179674614179352
5.125 0.180202960845268
5.1328125 0.180731882155926
5.140625 0.18126137435327
5.1484375 0.181791433661048
5.15625 0.182322056284907
5.1640625 0.182853238412482
5.171875 0.183384976213489
5.1796875 0.183917265839823
5.1875 0.184450103425648
5.1953125 0.184983485087498
5.203125 0.185517406924374
5.2109375 0.186051865017842
5.21875 0.186586855432132
5.2265625 0.187122374214244
5.234375 0.187658417394045
5.2421875 0.188194980984377
5.25 0.188732060981157
5.2578125 0.189269653363488
5.265625 0.189807754093764
5.2734375 0.190346359117775
5.28125 0.190885464364823
5.2890625 0.191425065747824
5.296875 0.191965159163428
5.3046875 0.192505740492126
5.3125 0.193046805598364
5.3203125 0.19358835033066
5.328125 0.19413037052172
5.3359375 0.194672861988551
5.34375 0.195215820532585
5.3515625 0.195759241939792
5.359375 0.196303121980805
5.3671875 0.196847456411039
5.375 0.197392240970813
5.3828125 0.197937471385473
5.390625 0.198483143365519
5.3984375 0.199029252606728
5.40625 0.19957579479028
5.4140625 0.200122765582886
5.421875 0.200670160636918
5.4296875 0.201217975590538
5.4375 0.201766206067825
5.4453125 0.20231484767891
5.453125 0.202863896020109
5.4609375 0.203413346674051
5.46875 0.20396319520982
5.4765625 0.204513437183083
5.484375 0.205064068136231
5.4921875 0.205615083598515
5.5 0.206166479086183
5.5078125 0.20671825010262
5.515625 0.207270392138486
5.5234375 0.20782290067186
5.53125 0.20837577116838
5.5390625 0.208928999081386
5.546875 0.209482579852061
5.5546875 0.210036508909581
5.5625 0.210590781671253
5.5703125 0.211145393542667
5.578125 0.211700339917841
5.5859375 0.212255616179367
5.59375 0.212811217698562
5.6015625 0.213367139835614
5.609375 0.213923377939738
5.6171875 0.214479927349321
5.625 0.215036783392077
5.6328125 0.215593941385198
5.640625 0.216151396635507
5.6484375 0.216709144439616
5.65625 0.217267180084075
5.6640625 0.21782549884553
5.671875 0.218384095990882
5.6796875 0.218942966777438
5.6875 0.219502106453074
5.6953125 0.22006151025639
5.703125 0.220621173416871
5.7109375 0.221181091155046
5.71875 0.221741258682647
5.7265625 0.222301671202772
5.734375 0.222862323910045
5.7421875 0.223423211990778
5.75 0.223984330623138
5.7578125 0.224545674977302
5.765625 0.225107240215631
5.7734375 0.225669021492825
5.78125 0.226231013956096
5.7890625 0.22679321274533
5.796875 0.22735561299325
5.8046875 0.227918209825592
5.8125 0.228480998361261
5.8203125 0.229043973712509
5.828125 0.229607130985095
5.8359375 0.230170465278458
5.84375 0.230733971685888
5.8515625 0.23129764529469
5.859375 0.231861481186358
5.8671875 0.232425474436747
5.875 0.232989620116238
5.8828125 0.233553913289915
5.890625 0.234118349017735
5.8984375 0.234682922354699
5.90625 0.235247628351026
5.9140625 0.235812462052324
5.921875 0.236377418499766
5.9296875 0.23694249273026
5.9375 0.237507679776626
5.9453125 0.238072974667769
5.953125 0.238638372428851
5.9609375 0.23920386808147
5.96875 0.239769456643832
5.9765625 0.240335133130927
5.984375 0.240900892554704
5.9921875 0.241466729924248
6 0.242032640245955
6.0078125 0.242598618523706
6.015625 0.243164659759047
6.0234375 0.243730758951364
6.03125 0.244296911098059
6.0390625 0.244863111194726
6.046875 0.245429354235329
6.0546875 0.245995635212381
6.0625 0.246561949117117
6.0703125 0.247128290939672
6.078125 0.247694655669262
6.0859375 0.248261038294357
6.09375 0.248827433802861
6.1015625 0.249393837182288
6.109375 0.249960243419939
6.1171875 0.250526647503083
6.125 0.251093044419129
6.1328125 0.251659429155808
6.140625 0.252225796701347
6.1484375 0.252792142044651
6.15625 0.253358460175473
6.1640625 0.253924746084599
6.171875 0.254490994764022
6.1796875 0.255057201207115
6.1875 0.255623360408817
6.1953125 0.256189467365799
6.203125 0.256755517076652
6.2109375 0.257321504542053
6.21875 0.257887424764949
6.2265625 0.25845327275073
6.234375 0.259019043507405
6.2421875 0.259584732045779
6.25 0.260150333379627
6.2578125 0.260715842525871
6.265625 0.261281254504756
6.2734375 0.26184656434002
6.28125 0.262411767059074
6.2890625 0.262976857693176
6.296875 0.2635418312776
6.3046875 0.264106682851816
6.3125 0.26467140745966
6.3203125 0.265236000149507
6.328125 0.265800455974445
6.3359375 0.266364769992447
6.34375 0.266928937266544
6.3515625 0.267492952864993
6.359375 0.268056811861454
6.3671875 0.268620509335156
6.375 0.26918404037107
6.3828125 0.269747400060077
6.390625 0.270310583499141
6.3984375 0.270873585791474
6.40625 0.271436402046709
6.4140625 0.271999027381061
6.421875 0.272561456917506
6.4296875 0.273123685785936
6.4375 0.273685709123334
6.4453125 0.274247522073936
6.453125 0.2748091197894
6.4609375 0.275370497428968
6.46875 0.27593165015963
6.4765625 0.276492573156291
6.484375 0.277053261601932
6.4921875 0.277613710687774
6.5 0.278173915613438
6.5078125 0.278733871587111
6.515625 0.279293573825699
6.5234375 0.279853017554996
6.53125 0.280412198009839
6.5390625 0.280971110434265
6.546875 0.281529750081673
6.5546875 0.282088112214981
6.5625 0.28264619210678
6.5703125 0.283203985039494
6.578125 0.283761486305532
6.5859375 0.284318691207444
6.59375 0.284875595058075
6.6015625 0.285432193180719
6.609375 0.285988480909269
6.6171875 0.286544453588371
6.625 0.287100106573574
6.6328125 0.28765543523148
6.640625 0.288210434939892
6.6484375 0.288765101087965
6.65625 0.289319429076351
6.6640625 0.289873414317349
6.671875 0.290427052235047
6.6796875 0.29098033826547
6.6875 0.291533267856722
6.6953125 0.292085836469134
6.703125 0.292638039575399
6.7109375 0.293189872660721
6.71875 0.293741331222949
6.7265625 0.294292410772724
6.734375 0.294843106833612
6.7421875 0.295393414942244
6.75 0.295943330648453
6.7578125 0.296492849515412
6.765625 0.297041967119766
6.7734375 0.297590679051767
6.78125 0.298138980915409
6.7890625 0.298686868328558
6.796875 0.299234336923085
6.8046875 0.299781382344996
6.8125 0.300328000254561
6.8203125 0.30087418632644
6.828125 0.301419936249816
6.8359375 0.301965245728516
6.84375 0.302510110481138
6.8515625 0.303054526241176
6.859375 0.303598488757142
6.8671875 0.30414199379269
6.875 0.304685037126734
6.8828125 0.305227614553571
6.890625 0.305769721882999
6.8984375 0.306311354940435
6.90625 0.306852509567031
6.9140625 0.307393181619791
6.921875 0.307933366971685
6.9296875 0.308473061511763
6.9375 0.309012261145266
6.9453125 0.309550961793741
6.953125 0.310089159395147
6.9609375 0.310626849903968
6.96875 0.311164029291317
6.9765625 0.311700693545046
6.984375 0.312236838669853
6.9921875 0.312772460687382
7 0.313307555636331
7.0078125 0.313842119572551
7.015625 0.314376148569151
7.0234375 0.314909638716594
7.03125 0.315442586122799
7.0390625 0.315974986913238
7.046875 0.316506837231033
7.0546875 0.317038133237049
7.0625 0.317568871109991
7.0703125 0.318099047046498
7.078125 0.318628657261231
7.0859375 0.319157697986969
7.09375 0.319686165474691
7.1015625 0.320214055993675
7.109375 0.320741365831575
7.1171875 0.321268091294513
7.125 0.321794228707163
7.1328125 0.322319774412832
7.140625 0.322844724773547
7.1484375 0.323369076170132
7.15625 0.323892825002289
7.1640625 0.324415967688679
7.171875 0.324938500666999
7.1796875 0.325460420394055
7.1875 0.325981723345843
7.1953125 0.326502406017617
7.203125 0.327022464923967
7.2109375 0.327541896598888
7.21875 0.328060697595849
7.2265625 0.328578864487867
7.234375 0.32909639386757
7.2421875 0.329613282347265
7.25 0.330129526559007
7.2578125 0.330645123154656
7.265625 0.33116006880595
7.2734375 0.331674360204557
7.28125 0.332187994062143
7.2890625 0.332700967110428
7.296875 0.333213276101243
7.3046875 0.333724917806592
7.3125 0.334235889018702
7.3203125 0.334746186550082
7.328125 0.335255807233573
7.3359375 0.335764747922404
7.34375 0.336273005490238
7.3515625 0.336780576831227
7.359375 0.337287458860056
7.3671875 0.337793648511993
7.375 0.338299142742935
7.3828125 0.33880393852945
7.390625 0.339308032868827
7.3984375 0.33981142277911
7.40625 0.340314105299145
7.4140625 0.340816077488621
7.421875 0.341317336428104
7.4296875 0.341817879219078
7.4375 0.342317702983981
7.4453125 0.342816804866239
7.453125 0.343315182030303
7.4609375 0.343812831661678
7.46875 0.344309750966958
7.4765625 0.344805937173854
7.484375 0.345301387531228
7.4921875 0.345796099309113
7.5 0.346290069798748
7.5078125 0.346783296312599
7.515625 0.347275776184387
7.5234375 0.347767506769108
7.53125 0.348258485443058
7.5390625 0.348748709603854
7.546875 0.349238176670452
7.5546875 0.349726884083167
7.5625 0.350214829303692
7.5703125 0.350702009815113
7.578125 0.351188423121925
7.5859375 0.351674066750047
7.59375 0.352158938246832
7.6015625 0.352643035181084
7.609375 0.353126355143065
7.6171875 0.353608895744506
7.625 0.354090654618617
7.6328125 0.354571629420092
7.640625 0.355051817825118
7.6484375 0.355531217531378
7.65625 0.356009826258057
7.6640625 0.356487641745846
7.671875 0.356964661756941
7.6796875 0.357440884075045
7.6875 0.357916306505372
7.6953125 0.35839092687464
7.703125 0.35886474303107
7.7109375 0.359337752844388
7.71875 0.359809954205814
7.7265625 0.360281345028059
7.734375 0.360751923245321
7.7421875 0.361221686813273
7.75 0.361690633709059
7.7578125 0.362158761931281
7.765625 0.362626069499991
7.7734375 0.363092554456677
7.78125 0.363558214864253
7.7890625 0.364023048807043
7.796875 0.364487054390768
7.8046875 0.364950229742531
7.8125 0.365412573010796
7.8203125 0.365874082365379
7.828125 0.366334755997419
7.8359375 0.366794592119366
7.84375 0.367253588964961
7.8515625 0.367711744789207
7.859375 0.368169057868355
7.8671875 0.368625526499876
7.875 0.369081149002438
7.8828125 0.36953592371588
7.890625 0.369989849001189
7.8984375 0.370442923240469
7.90625 0.370895144836915
7.9140625 0.371346512214783
7.921875 0.371797023819363
7.9296875 0.372246678116945
7.9375 0.37269547359479
7.9453125 0.373143408761096
7.953125 0.373590482144966
7.9609375 0.374036692296372
7.96875 0.374482037786123
7.9765625 0.374926517205826
7.984375 0.375370129167853
7.9921875 0.375812872305297
8 0.376254745271943
8.0078125 0.37669574674222
8.015625 0.377135875411166
8.0234375 0.377575129994388
8.03125 0.378013509228015
8.0390625 0.378451011868662
8.046875 0.378887636693383
8.0546875 0.379323382499626
8.0625 0.379758248105195
8.0703125 0.380192232348195
8.078125 0.380625334086993
8.0859375 0.381057552200169
8.09375 0.381488885586468
8.1015625 0.38191933316475
8.109375 0.382348893873944
8.1171875 0.382777566672995
8.125 0.383205350540817
8.1328125 0.383632244476239
8.140625 0.384058247497951
8.1484375 0.384483358644457
8.15625 0.384907576974019
8.1640625 0.385330901564599
8.171875 0.385753331513812
8.1796875 0.386174865938864
8.1875 0.386595503976498
8.1953125 0.38701524478294
8.203125 0.387434087533838
8.2109375 0.387852031424206
8.21875 0.388269075668366
8.2265625 0.388685219499887
8.234375 0.389100462171525
8.2421875 0.389514802955167
8.25 0.389928241141765
8.2578125 0.390340776041275
8.265625 0.390752406982599
8.2734375 0.391163133313518
8.28125 0.391572954400632
8.2890625 0.391981869629292
8.296875 0.392389878403541
8.3046875 0.392796980146044
8.3125 0.393203174298028
8.3203125 0.39360846031921
8.328125 0.394012837687736
8.3359375 0.394416305900112
8.34375 0.394818864471133
8.3515625 0.395220512933824
8.359375 0.395621250839361
8.3671875 0.39602107775701
8.375 0.396419993274054
8.3828125 0.396817996995724
8.390625 0.397215088545129
8.3984375 0.397611267563185
8.40625 0.398006533708544
8.4140625 0.398400886657522
8.421875 0.398794326104028
8.4296875 0.39918685175949
8.4375 0.399578463352784
8.4453125 0.399969160630159
8.453125 0.400358943355165
8.4609375 0.400747811308578
8.46875 0.401135764288325
8.4765625 0.401522802109412
8.484375 0.401908924603844
8.4921875 0.402294131620555
8.5 0.402678423025329
8.5078125 0.403061798700724
8.515625 0.403444258545996
8.5234375 0.403825802477021
8.53125 0.40420643042622
8.5390625 0.404586142342481
8.546875 0.404964938191079
8.5546875 0.4053428179536
8.5625 0.405719781627863
8.5703125 0.406095829227839
8.578125 0.406470960783574
8.5859375 0.406845176341109
8.59375 0.4072184759624
8.6015625 0.407590859725241
8.609375 0.407962327723179
8.6171875 0.408332880065439
8.625 0.40870251687684
8.6328125 0.409071238297716
8.640625 0.409439044483832
8.6484375 0.40980593560631
8.65625 0.410171911851537
8.6640625 0.410536973421094
8.671875 0.410901120531667
8.6796875 0.411264353414968
8.6875 0.411626672317652
8.6953125 0.411988077501235
8.703125 0.412348569242011
8.7109375 0.412708147830971
8.71875 0.413066813573716
8.7265625 0.413424566790379
8.734375 0.41378140781554
8.7421875 0.41413733699814
8.75 0.414492354701402
8.7578125 0.414846461302743
8.765625 0.415199657193694
8.7734375 0.415551942779815
8.78125 0.41590331848061
8.7890625 0.416253784729444
8.796875 0.416603341973458
8.8046875 0.416951990673486
8.8125 0.41729973130397
8.8203125 0.417646564352876
8.828125 0.417992490321607
8.8359375 0.418337509724924
8.84375 0.418681623090855
8.8515625 0.419024830960615
8.859375 0.419367133888519
8.8671875 0.419708532441898
8.875 0.420049027201015
8.8828125 0.420388618758976
8.890625 0.420727307721651
8.8984375 0.421065094707587
8.90625 0.421401980347919
8.9140625 0.421737965286292
8.921875 0.42207305017877
8.9296875 0.422407235693755
8.9375 0.4227405225119
8.9453125 0.423072911326025
8.953125 0.423404402841032
8.9609375 0.423734997773817
8.96875 0.424064696853191
8.9765625 0.424393500819792
8.984375 0.424721410425997
8.9921875 0.425048426435844
9 0.42537454962494
9.0078125 0.425699780780382
9.015625 0.426024120700671
9.0234375 0.426347570195622
9.03125 0.426670130086289
9.0390625 0.426991801204873
9.046875 0.42731258439464
9.0546875 0.427632480509835
9.0625 0.427951490415603
9.0703125 0.428269614987898
9.078125 0.428586855113403
9.0859375 0.428903211689446
9.09375 0.429218685623912
9.1015625 0.429533277835165
9.109375 0.42984698925196
9.1171875 0.430159820813362
9.125 0.43047177346866
9.1328125 0.430782848177286
9.140625 0.43109304590873
9.1484375 0.431402367642457
9.15625 0.431710814367826
9.1640625 0.432018387084004
9.171875 0.432325086799886
9.1796875 0.43263091453401
9.1875 0.432935871314478
9.1953125 0.433239958178869
9.203125 0.43354317617416
9.2109375 0.433845526356643
9.21875 0.434147009791845
9.2265625 0.434447627554443
9.234375 0.434747380728185
9.2421875 0.435046270405806
9.25 0.435344297688952
9.2578125 0.435641463688093
9.265625 0.435937769522445
9.2734375 0.436233216319889
9.28125 0.436527805216893
9.2890625 0.436821537358426
9.296875 0.437114413897883
9.3046875 0.437406435997004
9.3125 0.437697604825791
9.3203125 0.437987921562435
9.328125 0.43827738739323
9.3359375 0.438566003512498
9.34375 0.438853771122508
9.3515625 0.4391406914334
9.359375 0.439426765663103
9.3671875 0.439711995037259
9.375 0.439996380789146
9.3828125 0.440279924159597
9.390625 0.440562626396926
9.3984375 0.440844488756847
9.40625 0.441125512502401
9.4140625 0.441405698903875
9.421875 0.441685049238728
9.4296875 0.441963564791515
9.4375 0.442241246853809
9.4453125 0.442518096724125
9.453125 0.442794115707847
9.4609375 0.443069305117151
9.46875 0.443343666270927
9.4765625 0.44361720049471
9.484375 0.443889909120601
9.4921875 0.444161793487194
9.5 0.4444328549395
9.5078125 0.444703094828877
9.515625 0.444972514512954
9.5234375 0.445241115355557
9.53125 0.445508898726636
9.5390625 0.445775866002195
9.546875 0.446042018564216
9.5546875 0.44630735780059
9.5625 0.446571885105041
9.5703125 0.446835601877057
9.578125 0.447098509521819
9.5859375 0.447360609450129
9.59375 0.447621903078338
9.6015625 0.447882391828278
9.609375 0.448142077127188
9.6171875 0.448400960407649
9.625 0.448659043107508
9.6328125 0.448916326669816
9.640625 0.449172812542752
9.6484375 0.449428502179557
9.65625 0.449683397038468
9.6640625 0.449937498582645
9.671875 0.450190808280106
9.6796875 0.450443327603658
9.6875 0.45069505803083
9.6953125 0.450946001043809
9.703125 0.451196158129366
9.7109375 0.451445530778797
9.71875 0.451694120487852
9.7265625 0.451941928756673
9.734375 0.452188957089724
9.7421875 0.452435206995728
9.75 0.452680679987605
9.7578125 0.452925377582402
9.765625 0.453169301301232
9.7734375 0.453412452669208
9.78125 0.453654833215382
9.7890625 0.453896444472679
9.796875 0.454137287977836
9.8046875 0.454377365271336
9.8125 0.454616677897351
9.8203125 0.454855227403675
9.828125 0.455093015341662
9.8359375 0.455330043266168
9.84375 0.45556631273549
9.8515625 0.455801825311299
9.859375 0.456036582558586
9.8671875 0.456270586045601
9.875 0.456503837343788
9.8828125 0.45673633802773
9.890625 0.456968089675091
9.8984375 0.457199093866551
9.90625 0.457429352185754
9.9140625 0.457658866219244
9.921875 0.457887637556413
9.9296875 0.458115667789435
9.9375 0.458342958513219
9.9453125 0.458569511325343
9.953125 0.458795327826003
9.9609375 0.459020409617952
9.96875 0.459244758306449
9.9765625 0.459468375499199
9.984375 0.4596912628063
9.9921875 0.459913421840187
10 0.460134854215576
10.0078125 0.460355561549412
10.015625 0.460575545460816
10.0234375 0.460794807571024
10.03125 0.461013349503343
10.0390625 0.46123117288309
10.046875 0.461448279337545
10.0546875 0.461664670495893
10.0625 0.461880347989179
10.0703125 0.462095313450247
10.078125 0.462309568513696
10.0859375 0.462523114815826
10.09375 0.462735953994587
10.1015625 0.462948087689528
10.109375 0.463159517541748
10.1171875 0.463370245193843
10.125 0.463580272289864
10.1328125 0.463789600475256
10.140625 0.46399823139682
10.1484375 0.464206166702659
10.15625 0.464413408042128
10.1640625 0.464619957065792
10.171875 0.464825815425372
10.1796875 0.465030984773701
10.1875 0.465235466764678
10.1953125 0.465439263053217
10.203125 0.465642375295205
10.2109375 0.465844805147453
10.21875 0.466046554267651
10.2265625 0.466247624314324
10.234375 0.466448016946784
10.2421875 0.466647733825089
10.25 0.466846776609993
10.2578125 0.467045146962908
10.265625 0.467242846545856
10.2734375 0.467439877021425
10.28125 0.46763624005273
10.2890625 0.467831937303365
10.296875 0.468026970437363
10.3046875 0.468221341119155
10.3125 0.468415051013524
10.3203125 0.468608101785566
10.328125 0.468800495100649
10.3359375 0.468992232624371
10.34375 0.469183316022518
10.3515625 0.469373746961025
10.359375 0.469563527105936
10.3671875 0.469752658123363
10.375 0.469941141679448
10.3828125 0.470128979440321
10.390625 0.470316173072066
10.3984375 0.470502724240675
10.40625 0.470688634612017
10.4140625 0.470873905851794
10.421875 0.471058539625509
10.4296875 0.471242537598422
10.4375 0.471425901435519
10.4453125 0.471608632801471
10.453125 0.4717907333606
10.4609375 0.471972204776839
10.46875 0.4721530487137
10.4765625 0.472333266834239
10.484375 0.472512860801014
10.4921875 0.472691832276058
10.5 0.472870182920838
10.5078125 0.473047914396224
10.515625 0.473225028362455
10.5234375 0.4734015264791
10.53125 0.473577410405033
10.5390625 0.47375268179839
10.546875 0.473927342316543
10.5546875 0.474101393616065
10.5625 0.474274837352696
10.5703125 0.474447675181313
10.578125 0.474619908755895
10.5859375 0.474791539729497
10.59375 0.47496256975421
10.6015625 0.475133000481139
10.609375 0.475302833560366
10.6171875 0.475472070640921
10.625 0.475640713370754
10.6328125 0.475808763396699
10.640625 0.475976222364452
10.6484375 0.476143091918537
10.65625 0.476309373702275
10.6640625 0.476475069357761
10.671875 0.47664018052583
10.6796875 0.476804708846029
10.6875 0.476968655956593
10.6953125 0.477132023494414
10.703125 0.477294813095011
10.7109375 0.477457026392509
10.71875 0.477618665019607
10.7265625 0.47777973060755
10.734375 0.477940224786109
10.7421875 0.478100149183548
10.75 0.478259505426601
10.7578125 0.478418295140445
10.765625 0.478576519948678
10.7734375 0.478734181473287
10.78125 0.47889128133463
10.7890625 0.479047821151405
10.796875 0.479203802540632
10.8046875 0.479359227117621
10.8125 0.479514096495956
10.8203125 0.479668412287465
10.828125 0.479822176102199
10.8359375 0.47997538954841
10.84375 0.480128054232524
10.8515625 0.480280171759122
10.859375 0.480431743730916
10.8671875 0.480582771748727
10.875 0.48073325741146
10.8828125 0.480883202316088
10.890625 0.481032608057624
10.8984375 0.481181476229105
10.90625 0.481329808421568
10.9140625 0.481477606224027
10.921875 0.481624871223459
10.9296875 0.481771605004775
10.9375 0.481917809150808
10.9453125 0.482063485242285
10.953125 0.482208634857815
10.9609375 0.482353259573863
10.96875 0.482497360964735
10.9765625 0.482640940602557
10.984375 0.482784000057256
10.9921875 0.482926540896541
11 0.483068564685886
11.0078125 0.483210072988511
11.015625 0.483351067365364
11.0234375 0.483491549375102
11.03125 0.483631520574077
11.0390625 0.483770982516313
11.046875 0.483909936753494
11.0546875 0.484048384834946
11.0625 0.484186328307616
11.0703125 0.484323768716062
11.078125 0.484460707602431
11.0859375 0.484597146506447
11.09375 0.484733086965393
11.1015625 0.484868530514096
11.109375 0.485003478684909
11.1171875 0.4851379330077
11.125 0.485271895009834
11.1328125 0.48540536621616
11.140625 0.485538348148993
11.1484375 0.485670842328103
11.15625 0.485802850270698
11.1640625 0.485934373491413
11.171875 0.486065413502293
11.1796875 0.48619597181278
11.1875 0.4863260499297
11.1953125 0.486455649357251
11.203125 0.486584771596986
11.2109375 0.486713418147805
11.21875 0.486841590505938
11.2265625 0.486969290164932
11.234375 0.487096518615645
11.2421875 0.487223277346224
11.25 0.487349567842104
11.2578125 0.487475391585984
11.265625 0.487600750057827
11.2734375 0.487725644734839
11.28125 0.487850077091463
11.2890625 0.487974048599368
11.296875 0.488097560727435
11.3046875 0.488220614941746
11.3125 0.488343212705578
11.3203125 0.488465355479388
11.328125 0.488587044720803
11.3359375 0.488708281884614
11.34375 0.488829068422758
11.3515625 0.488949405784319
11.359375 0.489069295415508
11.3671875 0.48918873875966
11.375 0.489307737257222
11.3828125 0.489426292345744
11.390625 0.489544405459872
11.3984375 0.489662078031336
11.40625 0.489779311488944
11.4140625 0.489896107258571
11.421875 0.490012466763154
11.4296875 0.490128391422679
11.4375 0.490243882654179
11.4453125 0.49035894187172
11.453125 0.490473570486396
11.4609375 0.490587769906324
11.46875 0.490701541536631
11.4765625 0.490814886779452
11.484375 0.490927807033918
11.4921875 0.491040303696152
11.5 0.491152378159264
11.5078125 0.491264031813338
11.515625 0.491375266045432
11.5234375 0.491486082239567
11.53125 0.491596481776723
11.5390625 0.491706466034832
11.546875 0.491816036388773
11.5546875 0.491925194210364
11.5625 0.492033940868359
11.5703125 0.492142277728438
11.578125 0.492250206153209
11.5859375 0.492357727502193
11.59375 0.492464843131828
11.6015625 0.492571554395457
11.609375 0.492677862643327
11.6171875 0.492783769222583
11.625 0.492889275477263
11.6328125 0.492994382748292
11.640625 0.493099092373482
11.6484375 0.493203405687524
11.65625 0.493307324021982
11.6640625 0.493410848705297
11.671875 0.493513981062771
11.6796875 0.493616722416575
11.6875 0.493719074085739
11.6953125 0.493821037386146
11.703125 0.493922613630537
11.7109375 0.4940238041285
11.71875 0.494124610186469
11.7265625 0.494225033107722
11.734375 0.494325074192377
11.7421875 0.494424734737391
11.75 0.494524016036553
11.7578125 0.494622919380484
11.765625 0.494721446056637
11.7734375 0.49481959734929
11.78125 0.494917374539544
11.7890625 0.495014778905326
11.796875 0.49511181172138
11.8046875 0.49520847425927
11.8125 0.495304767787374
11.8203125 0.495400693570887
11.828125 0.495496252871815
11.8359375 0.495591446948975
11.84375 0.495686277057995
11.8515625 0.49578074445131
11.859375 0.495874850378162
11.8671875 0.495968596084598
11.875 0.496061982813471
11.8828125 0.496155011804436
11.890625 0.496247684293952
11.8984375 0.496340001515278
11.90625 0.496431964698476
11.9140625 0.496523575070407
11.921875 0.496614833854732
11.9296875 0.496705742271912
11.9375 0.496796301539206
11.9453125 0.496886512870674
11.953125 0.496976377477172
11.9609375 0.497065896566355
11.96875 0.497155071342679
11.9765625 0.497243903007395
11.984375 0.497332392758555
11.9921875 0.497420541791009
12 0.497508351296408
12.0078125 0.497595822463201
12.015625 0.497682956476637
12.0234375 0.497769754518768
12.03125 0.497856217768445
12.0390625 0.497942347401324
12.046875 0.498028144589863
12.0546875 0.498113610503322
12.0625 0.498198746307769
12.0703125 0.498283553166076
12.078125 0.498368032237925
12.0859375 0.498452184679802
12.09375 0.498536011645008
12.1015625 0.498619514283651
12.109375 0.498702693742653
12.1171875 0.49878555116575
12.125 0.498868087693494
12.1328125 0.498950304463255
12.140625 0.49903220260922
12.1484375 0.499113783262398
12.15625 0.499195047550621
12.1640625 0.499275996598546
12.171875 0.499356631527654
12.1796875 0.499436953456259
12.1875 0.499516963499502
12.1953125 0.49959666276936
12.203125 0.499676052374643
12.2109375 0.499755133421
12.21875 0.49983390701092
12.2265625 0.499912374243733
12.234375 0.499990536215617
12.2421875 0.500068394019595
12.25 0.500145948745541
12.2578125 0.500223201480184
12.265625 0.500300153307104
12.2734375 0.500376805306745
12.28125 0.50045315855641
12.2890625 0.500529214130265
12.296875 0.500604973099345
12.3046875 0.500680436531556
12.3125 0.500755605491676
12.3203125 0.500830481041361
12.328125 0.500905064239147
12.3359375 0.500979356140451
12.34375 0.50105335779758
12.3515625 0.501127070259728
12.359375 0.501200494572983
12.3671875 0.501273631780332
12.375 0.501346482921659
12.3828125 0.501419049033755
12.390625 0.501491331150315
12.3984375 0.50156333030195
12.40625 0.501635047516181
12.4140625 0.501706483817451
12.421875 0.501777640227126
12.4296875 0.501848517763495
12.4375 0.501919117441781
12.4453125 0.501989440274139
12.453125 0.502059487269664
12.4609375 0.502129259434392
12.46875 0.502198757771306
12.4765625 0.50226798328034
12.484375 0.502336936958383
12.4921875 0.502405619799282
12.5 0.502474032793848
12.5078125 0.50254217692986
12.515625 0.502610053192067
12.5234375 0.502677662562198
12.53125 0.502745006018959
12.5390625 0.502812084538043
12.546875 0.502878899092133
12.5546875 0.502945450650906
12.5625 0.503011740181037
12.5703125 0.503077768646207
12.578125 0.503143537007101
12.5859375 0.50320904622142
12.59375 0.503274297243883
12.6015625 0.503339291026229
12.609375 0.503404028517226
12.6171875 0.503468510662673
12.625 0.503532738405405
12.6328125 0.5035967126853
12.640625 0.503660434439283
12.6484375 0.50372390460133
12.65625 0.503787124102473
12.6640625 0.503850093870807
12.671875 0.503912814831491
12.6796875 0.503975287906759
12.6875 0.504037514015921
12.6953125 0.504099494075366
12.703125 0.504161228998576
12.7109375 0.504222719696119
12.71875 0.504283967075665
12.7265625 0.504344972041985
12.734375 0.504405735496959
12.7421875 0.50446625833958
12.75 0.504526541465959
12.7578125 0.504586585769334
12.765625 0.504646392140069
12.7734375 0.504705961465666
12.78125 0.504765294630764
12.7890625 0.504824392517152
12.796875 0.504883256003766
12.8046875 0.504941885966703
12.8125 0.50500028327922
12.8203125 0.505058448811742
12.828125 0.505116383431869
12.8359375 0.505174088004377
12.84375 0.505231563391231
12.8515625 0.505288810451583
12.859375 0.505345830041783
12.8671875 0.505402623015382
12.875 0.505459190223138
12.8828125 0.505515532513024
12.890625 0.505571650730228
12.8984375 0.505627545717168
12.90625 0.505683218313489
12.9140625 0.505738669356071
12.921875 0.505793899679041
12.9296875 0.505848910113769
12.9375 0.505903701488881
12.9453125 0.505958274630263
12.953125 0.506012630361065
12.9609375 0.50606676950171
12.96875 0.506120692869897
12.9765625 0.506174401280609
12.984375 0.506227895546118
12.9921875 0.506281176475991
13 0.506334244877096
13.0078125 0.506387101553608
13.015625 0.506439747307017
13.0234375 0.506492182936129
13.03125 0.506544409237078
13.0390625 0.506596427003327
13.046875 0.506648237025679
13.0546875 0.506699840092276
13.0625 0.506751236988614
13.0703125 0.506802428497541
13.078125 0.50685341539927
13.0859375 0.506904198471378
13.09375 0.506954778488819
13.1015625 0.507005156223925
13.109375 0.507055332446414
13.1171875 0.507105307923398
13.125 0.507155083419386
13.1328125 0.507204659696293
13.140625 0.507254037513442
13.1484375 0.507303217627576
13.15625 0.50735220079286
13.1640625 0.507400987760888
13.171875 0.50744957928069
13.1796875 0.507497976098738
13.1875 0.507546178958951
13.1953125 0.507594188602704
13.203125 0.507642005768831
13.2109375 0.507689631193634
13.21875 0.507737065610887
13.2265625 0.507784309751844
13.234375 0.507831364345244
13.2421875 0.507878230117319
13.25 0.507924907791797
13.2578125 0.507971398089913
13.265625 0.50801770173041
13.2734375 0.50806381942955
13.28125 0.508109751901119
13.2890625 0.508155499856429
13.296875 0.508201064004331
13.3046875 0.508246445051218
13.3125 0.508291643701031
13.3203125 0.508336660655265
13.328125 0.508381496612977
13.3359375 0.508426152270792
13.34375 0.508470628322908
13.3515625 0.508514925461104
13.359375 0.508559044374743
13.3671875 0.508602985750785
13.375 0.508646750273785
13.3828125 0.508690338625906
13.390625 0.508733751486923
13.3984375 0.508776989534227
13.40625 0.508820053442835
13.4140625 0.508862943885395
13.421875 0.508905661532192
13.4296875 0.508948207051154
13.4375 0.508990581107859
13.4453125 0.509032784365542
13.453125 0.5090748174851
13.4609375 0.509116681125098
13.46875 0.509158375941777
13.4765625 0.509199902589061
13.484375 0.50924126171856
13.4921875 0.509282453979578
13.5 0.509323480019121
13.5078125 0.509364340481901
13.515625 0.509405036010344
13.5234375 0.509445567244595
13.53125 0.509485934822525
13.5390625 0.509526139379737
13.546875 0.509566181549574
13.5546875 0.509606061963121
13.5625 0.509645781249217
13.5703125 0.509685340034458
13.578125 0.509724738943202
13.5859375 0.50976397859758
13.59375 0.509803059617497
13.6015625 0.509841982620642
13.609375 0.509880748222492
13.6171875 0.509919357036322
13.625 0.509957809673205
13.6328125 0.509996106742025
13.640625 0.510034248849478
13.6484375 0.510072236600083
13.65625 0.510110070596184
13.6640625 0.510147751437957
13.671875 0.51018527972342
13.6796875 0.510222656048436
13.6875 0.510259881006718
13.6953125 0.510296955189838
13.703125 0.510333879187234
13.7109375 0.510370653586213
13.71875 0.510407278971959
13.7265625 0.510443755927539
13.734375 0.51048008503391
13.7421875 0.510516266869924
13.75 0.510552302012335
13.7578125 0.510588191035804
13.765625 0.510623934512907
13.7734375 0.510659533014141
13.78125 0.510694987107928
13.7890625 0.510730297360624
13.796875 0.510765464336522
13.8046875 0.510800488597864
13.8125 0.510835370704838
13.8203125 0.510870111215594
13.828125 0.510904710686242
13.8359375 0.510939169670864
13.84375 0.510973488721517
13.8515625 0.51100766838824
13.859375 0.511041709219059
13.8671875 0.511075611759995
13.875 0.511109376555071
13.8828125 0.511143004146314
13.890625 0.511176495073763
13.8984375 0.511209849875477
13.90625 0.51124306908754
13.9140625 0.511276153244066
13.921875 0.511309102877204
13.9296875 0.511341918517149
13.9375 0.511374600692142
13.9453125 0.511407149928481
13.953125 0.511439566750522
13.9609375 0.511471851680691
13.96875 0.511504005239484
13.9765625 0.511536027945479
13.984375 0.511567920315336
13.9921875 0.511599682863808
14 0.511631316103742
14.0078125 0.51166282054609
14.015625 0.511694196699912
14.0234375 0.511725445072384
14.03125 0.511756566168799
14.0390625 0.51178756049258
14.046875 0.51181842854528
14.0546875 0.511849170826593
14.0625 0.511879787834354
14.0703125 0.51191028006455
14.078125 0.511940648011323
14.0859375 0.511970892166978
14.09375 0.512001013021986
14.1015625 0.512031011064993
14.109375 0.512060886782822
14.1171875 0.512090640660485
14.125 0.512120273181181
14.1328125 0.512149784826307
14.140625 0.512179176075464
14.1484375 0.512208447406459
14.15625 0.512237599295315
14.1640625 0.512266632216274
14.171875 0.512295546641802
14.1796875 0.5123243430426
14.1875 0.512353021887603
14.1953125 0.512381583643989
14.203125 0.512410028777185
14.2109375 0.512438357750873
14.21875 0.512466571026994
14.2265625 0.512494669065753
14.234375 0.512522652325629
14.2421875 0.512550521263376
14.25 0.512578276334031
14.2578125 0.512605917990918
14.265625 0.512633446685656
14.2734375 0.512660862868163
14.28125 0.512688166986662
14.2890625 0.512715359487686
14.296875 0.512742440816083
14.3046875 0.512769411415024
14.3125 0.512796271726008
14.3203125 0.512823022188864
14.328125 0.512849663241762
14.3359375 0.512876195321213
14.34375 0.512902618862079
14.3515625 0.512928934297576
14.359375 0.512955142059281
14.3671875 0.512981242577135
14.375 0.513007236279451
14.3828125 0.513033123592919
14.390625 0.51305890494261
14.3984375 0.513084580751983
14.40625 0.51311015144289
14.4140625 0.51313561743558
14.421875 0.513160979148706
14.4296875 0.51318623699933
14.4375 0.513211391402928
14.4453125 0.513236442773397
14.453125 0.513261391523057
14.4609375 0.51328623806266
14.46875 0.513310982801392
14.4765625 0.51333562614688
14.484375 0.513360168505198
14.4921875 0.513384610280871
14.5 0.51340895187688
14.5078125 0.51343319369467
14.515625 0.513457336134151
14.5234375 0.513481379593706
14.53125 0.513505324470195
14.5390625 0.513529171158963
14.546875 0.51355292005384
14.5546875 0.51357657154715
14.5625 0.513600126029718
14.5703125 0.513623583890868
14.578125 0.513646945518436
14.5859375 0.51367021129877
14.59375 0.513693381616737
14.6015625 0.513716456855729
14.609375 0.513739437397665
14.6171875 0.513762323623001
14.625 0.513785115910728
14.6328125 0.513807814638384
14.640625 0.513830420182057
14.6484375 0.513852932916386
14.65625 0.513875353214572
14.6640625 0.51389768144838
14.671875 0.513919917988142
14.6796875 0.513942063202766
14.6875 0.513964117459739
14.6953125 0.513986081125132
14.703125 0.514007954563605
14.7109375 0.514029738138411
14.71875 0.514051432211402
14.7265625 0.514073037143036
14.734375 0.514094553292377
14.7421875 0.514115981017103
14.75 0.514137320673511
14.7578125 0.514158572616521
14.765625 0.51417973719968
14.7734375 0.51420081477517
14.78125 0.514221805693809
14.7890625 0.514242710305057
14.796875 0.514263528957022
14.8046875 0.514284261996464
14.8125 0.5143049097688
14.8203125 0.514325472618108
14.828125 0.514345950887132
14.8359375 0.514366344917287
14.84375 0.514386655048663
14.8515625 0.514406881620033
14.859375 0.514427024968851
14.8671875 0.514447085431263
14.875 0.51446706334211
14.8828125 0.51448695903493
14.890625 0.514506772841965
14.8984375 0.514526505094166
14.90625 0.514546156121196
14.9140625 0.514565726251436
14.921875 0.514585215811989
14.9296875 0.514604625128683
14.9375 0.514623954526078
14.9453125 0.51464320432747
14.953125 0.514662374854895
14.9609375 0.514681466429134
14.96875 0.514700479369714
14.9765625 0.51471941399492
14.984375 0.514738270621793
14.9921875 0.514757049566136
15 0.51477575114252
15.0078125 0.514794375664286
15.015625 0.514812923443553
15.0234375 0.514831394791218
15.03125 0.514849790016965
15.0390625 0.514868109429264
15.046875 0.51488635333538
15.0546875 0.514904522041377
15.0625 0.51492261585212
15.0703125 0.514940635071278
15.078125 0.514958580001336
15.0859375 0.514976450943588
15.09375 0.514994248198153
15.1015625 0.515011972063969
15.109375 0.515029622838805
15.1171875 0.515047200819261
15.125 0.515064706300773
15.1328125 0.515082139577618
15.140625 0.515099500942918
15.1484375 0.515116790688644
15.15625 0.51513400910562
15.1640625 0.515151156483527
15.171875 0.51516823311091
15.1796875 0.515185239275176
15.1875 0.515202175262604
15.1953125 0.515219041358348
15.203125 0.515235837846439
15.2109375 0.515252565009789
15.21875 0.515269223130198
15.2265625 0.515285812488356
15.234375 0.515302333363848
15.2421875 0.515318786035156
15.25 0.515335170779667
15.2578125 0.515351487873673
15.265625 0.515367737592376
15.2734375 0.515383920209894
15.28125 0.515400035999263
15.2890625 0.515416085232443
15.296875 0.515432068180319
15.3046875 0.515447985112706
15.3125 0.515463836298355
15.3203125 0.515479622004956
15.328125 0.51549534249914
15.3359375 0.515510998046484
15.34375 0.515526588911516
15.3515625 0.515542115357718
15.359375 0.515557577647531
15.3671875 0.515572976042354
15.375 0.515588310802556
15.3828125 0.515603582187474
15.390625 0.515618790455417
15.3984375 0.515633935863673
15.40625 0.51564901866851
15.4140625 0.51566403912518
15.421875 0.515678997487925
15.4296875 0.515693894009978
15.4375 0.515708728943569
15.4453125 0.515723502539927
15.453125 0.515738215049285
15.4609375 0.515752866720882
15.46875 0.51576745780297
15.4765625 0.515781988542813
15.484375 0.515796459186697
15.4921875 0.515810869979925
15.5 0.515825221166829
15.5078125 0.515839512990771
15.515625 0.515853745694142
15.5234375 0.515867919518373
15.53125 0.515882034703934
15.5390625 0.515896091490338
15.546875 0.515910090116146
15.5546875 0.51592403081897
15.5625 0.515937913835477
15.5703125 0.51595173940139
15.578125 0.515965507751496
15.5859375 0.515979219119644
15.59375 0.515992873738755
15.6015625 0.51600647184082
15.609375 0.516020013656906
15.6171875 0.516033499417158
15.625 0.516046929350807
15.6328125 0.516060303686166
15.640625 0.516073622650639
15.6484375 0.516086886470723
15.65625 0.516100095372013
15.6640625 0.5161132495792
15.671875 0.516126349316081
15.6796875 0.516139394805558
15.6875 0.516152386269644
15.6953125 0.516165323929466
15.703125 0.516178208005264
15.7109375 0.516191038716403
15.71875 0.516203816281367
15.7265625 0.516216540917769
15.734375 0.516229212842352
15.7421875 0.516241832270991
15.75 0.516254399418698
15.7578125 0.516266914499625
15.765625 0.516279377727068
15.7734375 0.516291789313467
15.78125 0.516304149470415
15.7890625 0.516316458408654
15.796875 0.516328716338086
15.8046875 0.516340923467769
15.8125 0.516353080005925
15.8203125 0.516365186159942
15.828125 0.516377242136376
15.8359375 0.516389248140955
15.84375 0.516401204378584
15.8515625 0.516413111053344
15.859375 0.516424968368499
15.8671875 0.516436776526496
15.875 0.516448535728972
15.8828125 0.516460246176754
15.890625 0.516471908069862
15.8984375 0.516483521607513
15.90625 0.516495086988127
15.9140625 0.516506604409323
15.921875 0.516518074067929
15.9296875 0.516529496159982
15.9375 0.51654087088073
15.9453125 0.516552198424637
15.953125 0.516563478985387
15.9609375 0.516574712755883
15.96875 0.516585899928253
15.9765625 0.516597040693853
15.984375 0.516608135243268
15.9921875 0.516619183766319
16 0.516630186452059
16.0078125 0.516641143488785
16.015625 0.516652055064031
16.0234375 0.516662921364581
16.03125 0.516673742576462
16.0390625 0.516684518884957
16.046875 0.516695250474599
16.0546875 0.516705937529177
16.0625 0.516716580231744
16.0703125 0.51672717876461
16.078125 0.516737733309354
16.0859375 0.516748244046821
16.09375 0.516758711157127
16.1015625 0.516769134819663
16.109375 0.516779515213095
16.1171875 0.516789852515369
16.125 0.516800146903713
16.1328125 0.516810398554639
16.140625 0.516820607643949
16.1484375 0.516830774346732
16.15625 0.516840898837372
16.1640625 0.51685098128955
16.171875 0.516861021876243
16.1796875 0.516871020769731
16.1875 0.516880978141598
16.1953125 0.516890894162735
16.203125 0.51690076900334
16.2109375 0.516910602832926
16.21875 0.51692039582032
16.2265625 0.516930148133666
16.234375 0.516939859940428
16.2421875 0.516949531407394
16.25 0.516959162700675
16.2578125 0.516968753985713
16.265625 0.516978305427278
16.2734375 0.516987817189474
16.28125 0.516997289435743
16.2890625 0.517006722328862
16.296875 0.517016116030951
16.3046875 0.517025470703474
16.3125 0.517034786507239
16.3203125 0.517044063602406
16.328125 0.517053302148483
16.3359375 0.517062502304334
16.34375 0.517071664228177
16.3515625 0.517080788077592
16.359375 0.517089874009517
16.3671875 0.517098922180257
16.375 0.517107932745481
16.3828125 0.517116905860227
16.390625 0.517125841678906
16.3984375 0.5171347403553
16.40625 0.51714360204257
16.4140625 0.517152426893254
16.421875 0.517161215059271
16.4296875 0.517169966691925
16.4375 0.517178681941904
16.4453125 0.517187360959285
16.453125 0.517196003893536
16.4609375 0.517204610893519
16.46875 0.517213182107489
16.4765625 0.517221717683101
16.484375 0.51723021776741
16.4921875 0.517238682506872
16.5 0.517247112047351
16.5078125 0.517255506534114
16.515625 0.517263866111842
16.5234375 0.517272190924626
16.53125 0.51728048111597
16.5390625 0.517288736828796
16.546875 0.517296958205445
16.5546875 0.517305145387679
16.5625 0.517313298516683
16.5703125 0.517321417733068
16.578125 0.517329503176872
16.5859375 0.517337554987565
16.59375 0.517345573304048
16.6015625 0.517353558264658
16.609375 0.517361510007167
16.6171875 0.517369428668789
16.625 0.517377314386176
16.6328125 0.517385167295426
16.640625 0.517392987532082
16.6484375 0.517400775231135
16.65625 0.517408530527026
16.6640625 0.517416253553649
16.671875 0.517423944444352
16.6796875 0.517431603331939
16.6875 0.517439230348674
16.6953125 0.51744682562628
16.703125 0.517454389295947
16.7109375 0.517461921488325
16.71875 0.517469422333536
16.7265625 0.517476891961167
16.734375 0.517484330500282
16.7421875 0.517491738079413
16.75 0.517499114826571
16.7578125 0.517506460869244
16.765625 0.5175137763344
16.7734375 0.517521061348489
16.78125 0.517528316037444
16.7890625 0.517535540526686
16.796875 0.517542734941121
16.8046875 0.517549899405149
16.8125 0.51755703404266
16.8203125 0.517564138977036
16.828125 0.51757121433116
16.8359375 0.517578260227408
16.84375 0.517585276787662
16.8515625 0.5175922641333
16.859375 0.517599222385207
16.8671875 0.517606151663776
16.875 0.517613052088905
16.8828125 0.517619923780003
16.890625 0.517626766855992
16.8984375 0.517633581435305
16.90625 0.517640367635895
16.9140625 0.51764712557523
16.921875 0.517653855370298
16.9296875 0.517660557137609
16.9375 0.517667230993196
16.9453125 0.517673877052619
16.953125 0.517680495430963
16.9609375 0.517687086242845
16.96875 0.517693649602409
16.9765625 0.517700185623337
16.984375 0.517706694418841
16.9921875 0.517713176101673
17 0.517719630784123
17.0078125 0.51772605857802
17.015625 0.517732459594735
17.0234375 0.517738833945186
17.03125 0.517745181739833
17.0390625 0.517751503088686
17.046875 0.517757798101305
17.0546875 0.517764066886799
17.0625 0.517770309553832
17.0703125 0.517776526210622
17.078125 0.517782716964943
17.0859375 0.51778888192413
17.09375 0.517795021195075
17.1015625 0.517801134884233
17.109375 0.517807223097624
17.1171875 0.517813285940833
17.125 0.51781932351901
17.1328125 0.517825335936877
17.140625 0.517831323298724
17.1484375 0.517837285708416
17.15625 0.517843223269389
17.1640625 0.517849136084658
17.171875 0.517855024256813
17.1796875 0.517860887888025
17.1875 0.517866727080044
17.1953125 0.517872541934204
17.203125 0.517878332551423
17.2109375 0.517884099032205
17.21875 0.517889841476641
17.2265625 0.51789555998441
17.234375 0.517901254654786
17.2421875 0.517906925586631
17.25 0.517912572878404
17.2578125 0.517918196628158
17.265625 0.517923796933545
17.2734375 0.517929373891815
17.28125 0.517934927599818
17.2890625 0.517940458154009
17.296875 0.517945965650443
17.3046875 0.517951450184784
17.3125 0.5179569118523
17.3203125 0.517962350747871
17.328125 0.517967766965983
17.3359375 0.517973160600737
17.34375 0.517978531745847
17.3515625 0.51798388049464
17.359375 0.517989206940061
17.3671875 0.517994511174673
17.375 0.517999793290657
17.3828125 0.518005053379817
17.390625 0.518010291533579
17.3984375 0.518015507842993
17.40625 0.518020702398733
17.4140625 0.518025875291102
17.421875 0.518031026610032
17.4296875 0.518036156445083
17.4375 0.518041264885449
17.4453125 0.518046352019956
17.453125 0.518051417937063
17.4609375 0.518056462724869
17.46875 0.518061486471106
17.4765625 0.518066489263148
17.484375 0.518071471188008
17.4921875 0.518076432332343
17.5 0.51808137278245
17.5078125 0.518086292624274
17.515625 0.518091191943404
17.5234375 0.518096070825078
17.53125 0.518100929354182
17.5390625 0.518105767615254
17.546875 0.518110585692482
17.5546875 0.518115383669708
17.5625 0.51812016163043
17.5703125 0.518124919657801
17.578125 0.518129657834631
17.5859375 0.51813437624339
17.59375 0.518139074966208
17.6015625 0.518143754084876
17.609375 0.518148413680849
17.6171875 0.518153053835245
17.625 0.518157674628849
17.6328125 0.518162276142113
17.640625 0.518166858455157
17.6484375 0.518171421647771
17.65625 0.518175965799416
17.6640625 0.518180490989225
17.671875 0.518184997296006
17.6796875 0.518189484798241
17.6875 0.518193953574089
17.6953125 0.518198403701387
17.703125 0.51820283525765
17.7109375 0.518207248320074
17.71875 0.518211642965538
17.7265625 0.5182160192706
17.734375 0.518220377311507
17.7421875 0.518224717164189
17.75 0.518229038904263
17.7578125 0.518233342607033
17.765625 0.518237628347494
17.7734375 0.518241896200332
17.78125 0.518246146239923
17.7890625 0.518250378540337
17.796875 0.518254593175339
17.8046875 0.518258790218388
17.8125 0.518262969742642
17.8203125 0.518267131820954
17.828125 0.518271276525879
17.8359375 0.518275403929671
17.84375 0.518279514104288
17.8515625 0.518283607121387
17.859375 0.518287683052332
17.8671875 0.518291741968192
17.875 0.518295783939742
17.8828125 0.518299809037466
17.890625 0.518303817331554
17.8984375 0.518307808891909
17.90625 0.518311783788144
17.9140625 0.518315742089584
17.921875 0.51831968386527
17.9296875 0.518323609183955
17.9375 0.518327518114109
17.9453125 0.51833141072392
17.953125 0.518335287081293
17.9609375 0.518339147253853
17.96875 0.518342991308945
17.9765625 0.518346819313636
17.984375 0.518350631334718
17.9921875 0.518354427438702
18 0.518358207691829
18.0078125 0.518361972160064
18.015625 0.518365720909099
18.0234375 0.518369454004355
18.03125 0.518373171510983
18.0390625 0.518376873493863
18.046875 0.51838056001761
18.0546875 0.518384231146568
18.0625 0.518387886944818
18.0703125 0.518391527476174
18.078125 0.518395152804186
18.0859375 0.518398762992143
18.09375 0.518402358103071
18.1015625 0.518405938199736
18.109375 0.518409503344643
18.1171875 0.518413053600039
18.125 0.518416589027915
18.1328125 0.518420109690004
18.140625 0.518423615647784
18.1484375 0.518427106962478
18.15625 0.518430583695057
18.1640625 0.518434045906239
18.171875 0.51843749365649
18.1796875 0.518440927006027
18.1875 0.518444346014817
18.1953125 0.518447750742579
18.203125 0.518451141248785
18.2109375 0.518454517592661
18.21875 0.518457879833187
18.2265625 0.5184612280291
18.234375 0.518464562238893
18.2421875 0.518467882520817
18.25 0.518471188932882
18.2578125 0.518474481532858
18.265625 0.518477760378275
18.2734375 0.518481025526426
18.28125 0.518484277034365
18.2890625 0.518487514958911
18.296875 0.518490739356648
18.3046875 0.518493950283925
18.3125 0.518497147796857
18.3203125 0.518500331951327
18.328125 0.518503502802988
18.3359375 0.518506660407261
18.34375 0.518509804819337
18.3515625 0.518512936094179
18.359375 0.518516054286523
18.3671875 0.518519159450877
18.375 0.518522251641523
18.3828125 0.51852533091252
18.390625 0.5185283973177
18.3984375 0.518531450910675
18.40625 0.518534491744833
18.4140625 0.518537519873341
18.421875 0.518540535349146
18.4296875 0.518543538224975
18.4375 0.518546528553337
18.4453125 0.518549506386523
18.453125 0.518552471776608
18.4609375 0.51855542477545
18.46875 0.518558365434692
18.4765625 0.518561293805763
18.484375 0.518564209939881
18.4921875 0.518567113888048
18.5 0.518570005701058
18.5078125 0.518572885429491
18.515625 0.51857575312372
18.5234375 0.518578608833907
18.53125 0.518581452610008
18.5390625 0.51858428450177
18.546875 0.518587104558735
18.5546875 0.518589912830239
18.5625 0.518592709365414
18.5703125 0.518595494213186
18.578125 0.51859826742228
18.5859375 0.51860102904122
18.59375 0.518603779118325
18.6015625 0.518606517701717
18.609375 0.518609244839317
18.6171875 0.518611960578847
18.625 0.51861466496783
18.6328125 0.518617358053595
18.640625 0.518620039883272
18.6484375 0.518622710503795
18.65625 0.518625369961905
18.6640625 0.518628018304149
18.671875 0.518630655576878
18.6796875 0.518633281826255
18.6875 0.518635897098248
18.6953125 0.518638501438635
18.703125 0.518641094893005
18.7109375 0.518643677506757
18.71875 0.5186462493251
18.7265625 0.518648810393059
18.734375 0.518651360755469
18.7421875 0.51865390045698
18.75 0.518656429542056
18.7578125 0.518658948054978
18.765625 0.51866145603984
18.7734375 0.518663953540557
18.78125 0.518666440600858
18.7890625 0.518668917264292
18.796875 0.518671383574228
18.8046875 0.518673839573853
18.8125 0.518676285306175
18.8203125 0.518678720814026
18.828125 0.518681146140057
18.8359375 0.518683561326743
18.84375 0.518685966416381
18.8515625 0.518688361451096
18.859375 0.518690746472835
18.8671875 0.518693121523371
18.875 0.518695486644305
18.8828125 0.518697841877062
18.890625 0.5187001872629
18.8984375 0.518702522842901
18.90625 0.518704848657977
18.9140625 0.518707164748873
18.921875 0.518709471156161
18.9296875 0.518711767920248
18.9375 0.518714055081368
18.9453125 0.518716332679594
18.953125 0.518718600754828
18.9609375 0.518720859346808
18.96875 0.518723108495106
18.9765625 0.51872534823913
18.984375 0.518727578618124
18.9921875 0.51872979967117
19 0.518732011437185
19.0078125 0.518734213954927
19.015625 0.518736407262992
19.0234375 0.518738591399814
19.03125 0.518740766403669
19.0390625 0.518742932312674
19.046875 0.518745089164786
19.0546875 0.518747236997805
19.0625 0.518749375849375
19.0703125 0.518751505756981
19.078125 0.518753626757955
19.0859375 0.518755738889471
19.09375 0.518757842188551
19.1015625 0.51875993669206
19.109375 0.518762022436713
19.1171875 0.51876409945907
19.125 0.518766167795541
19.1328125 0.518768227482381
19.140625 0.518770278555698
19.1484375 0.518772321051449
19.15625 0.518774355005439
19.1640625 0.518776380453328
19.171875 0.518778397430623
19.1796875 0.518780405972688
19.1875 0.518782406114736
19.1953125 0.518784397891837
19.203125 0.518786381338912
19.2109375 0.518788356490739
19.21875 0.518790323381949
19.2265625 0.518792282047032
19.234375 0.518794232520332
19.2421875 0.518796174836051
19.25 0.518798109028248
19.2578125 0.518800035130842
19.265625 0.518801953177609
19.2734375 0.518803863202185
19.28125 0.518805765238067
19.2890625 0.518807659318612
19.296875 0.518809545477037
19.3046875 0.518811423746422
19.3125 0.51881329415971
19.3203125 0.518815156749705
19.328125 0.518817011549076
19.3359375 0.518818858590355
19.34375 0.51882069790594
19.3515625 0.518822529528093
19.359375 0.518824353488942
19.3671875 0.51882616982048
19.375 0.51882797855457
19.3828125 0.51882977972294
19.390625 0.518831573357185
19.3984375 0.518833359488771
19.40625 0.518835138149031
19.4140625 0.51883690936917
19.421875 0.518838673180259
19.4296875 0.518840429613245
19.4375 0.51884217869894
19.4453125 0.518843920468034
19.453125 0.518845654951084
19.4609375 0.518847382178523
19.46875 0.518849102180657
19.4765625 0.518850814987663
19.484375 0.518852520629595
19.4921875 0.518854219136383
19.5 0.518855910537828
19.5078125 0.518857594863611
19.515625 0.518859272143287
19.5234375 0.518860942406289
19.53125 0.518862605681928
19.5390625 0.518864261999392
19.546875 0.518865911387746
19.5546875 0.518867553875937
19.5625 0.518869189492789
19.5703125 0.518870818267007
19.578125 0.518872440227177
19.5859375 0.518874055401765
19.59375 0.518875663819117
19.6015625 0.518877265507465
19.609375 0.518878860494919
19.6171875 0.518880448809475
19.625 0.518882030479011
19.6328125 0.518883605531288
19.640625 0.518885173993954
19.6484375 0.518886735894539
19.65625 0.518888291260459
19.6640625 0.518889840119018
19.671875 0.518891382497404
19.6796875 0.518892918422691
19.6875 0.518894447921842
19.6953125 0.518895971021708
19.703125 0.518897487749026
19.7109375 0.518898998130424
19.71875 0.518900502192416
19.7265625 0.518901999961408
19.734375 0.518903491463696
19.7421875 0.518904976725465
19.75 0.518906455772792
19.7578125 0.518907928631644
19.765625 0.518909395327881
19.7734375 0.518910855887256
19.78125 0.518912310335412
19.7890625 0.518913758697886
19.796875 0.518915201000112
19.8046875 0.518916637267412
19.8125 0.518918067525008
19.8203125 0.518919491798013
19.828125 0.518920910111438
19.8359375 0.518922322490188
19.84375 0.518923728959064
19.8515625 0.518925129542765
19.859375 0.518926524265887
19.8671875 0.518927913152922
19.875 0.51892929622826
19.8828125 0.518930673516192
19.890625 0.518932045040905
19.8984375 0.518933410826485
19.90625 0.518934770896919
19.9140625 0.518936125276094
19.921875 0.518937473987797
19.9296875 0.518938817055715
19.9375 0.518940154503437
19.9453125 0.518941486354453
19.953125 0.518942812632158
19.9609375 0.518944133359845
19.96875 0.518945448560712
19.9765625 0.518946758257861
19.984375 0.518948062474297
19.9921875 0.518949361232928
20 0.518950654556568
20.0078125 0.518951942467935
20.015625 0.518953224989653
20.0234375 0.518954502144251
20.03125 0.518955773954164
20.0390625 0.518957040441734
20.046875 0.518958301629208
20.0546875 0.518959557538744
20.0625 0.518960808192403
20.0703125 0.518962053612158
20.078125 0.518963293819888
20.0859375 0.51896452883738
20.09375 0.518965758686334
20.1015625 0.518966983388354
20.109375 0.518968202964959
20.1171875 0.518969417437575
20.125 0.518970626827541
20.1328125 0.518971831156103
20.140625 0.518973030444423
20.1484375 0.518974224713573
20.15625 0.518975413984535
20.1640625 0.518976598278207
20.171875 0.518977777615397
20.1796875 0.518978952016828
20.1875 0.518980121503135
20.1953125 0.518981286094868
20.203125 0.518982445812492
20.2109375 0.518983600676384
20.21875 0.518984750706838
20.2265625 0.518985895924064
20.234375 0.518987036348185
20.2421875 0.518988171999242
20.25 0.518989302897193
20.2578125 0.51899042906191
20.265625 0.518991550513185
20.2734375 0.518992667270726
20.28125 0.518993779354159
20.2890625 0.518994886783027
20.296875 0.518995989576794
20.3046875 0.51899708775484
20.3125 0.518998181336466
20.3203125 0.518999270340892
20.328125 0.519000354787256
20.3359375 0.51900143469462
20.34375 0.519002510081963
20.3515625 0.519003580968185
20.359375 0.51900464737211
20.3671875 0.519005709312481
20.375 0.519006766807962
20.3828125 0.519007819877142
20.390625 0.51900886853853
20.3984375 0.519009912810558
20.40625 0.519010952711582
20.4140625 0.519011988259882
20.421875 0.519013019473659
20.4296875 0.519014046371041
20.4375 0.519015068970079
20.4453125 0.519016087288747
20.453125 0.519017101344947
20.4609375 0.519018111156505
20.46875 0.519019116741173
20.4765625 0.519020118116626
20.484375 0.51902111530047
20.4921875 0.519022108310234
20.5 0.519023097163375
20.5078125 0.519024081877278
20.515625 0.519025062469253
20.5234375 0.519026038956539
20.53125 0.519027011356305
20.5390625 0.519027979685645
20.546875 0.519028943961583
20.5546875 0.519029904201073
20.5625 0.519030860420997
20.5703125 0.519031812638167
20.578125 0.519032760869324
20.5859375 0.519033705131139
20.59375 0.519034645440216
20.6015625 0.519035581813087
20.609375 0.519036514266215
20.6171875 0.519037442815995
20.625 0.519038367478755
20.6328125 0.519039288270751
20.640625 0.519040205208175
20.6484375 0.51904111830715
20.65625 0.519042027583731
20.6640625 0.519042933053906
20.671875 0.519043834733597
20.6796875 0.519044732638659
20.6875 0.519045626784881
20.6953125 0.519046517187987
20.703125 0.519047403863633
20.7109375 0.519048286827412
20.71875 0.51904916609485
20.7265625 0.519050041681409
20.734375 0.519050913602487
20.7421875 0.519051781873417
20.75 0.519052646509468
20.7578125 0.519053507525845
20.765625 0.51905436493769
20.7734375 0.519055218760082
20.78125 0.519056069008035
20.7890625 0.519056915696504
20.796875 0.519057758840378
20.8046875 0.519058598454485
20.8125 0.519059434553592
20.8203125 0.519060267152403
20.828125 0.519061096265561
20.8359375 0.519061921907649
20.84375 0.519062744093188
20.8515625 0.519063562836637
20.859375 0.519064378152396
20.8671875 0.519065190054807
20.875 0.519065998558148
20.8828125 0.519066803676639
20.890625 0.519067605424442
20.8984375 0.519068403815659
20.90625 0.519069198864332
20.9140625 0.519069990584445
20.921875 0.519070778989923
20.9296875 0.519071564094636
20.9375 0.519072345912391
20.9453125 0.519073124456941
20.953125 0.51907389974198
20.9609375 0.519074671781146
20.96875 0.519075440588019
20.9765625 0.519076206176122
20.984375 0.519076968558922
20.9921875 0.51907772774983
21 0.519078483762201
21.0078125 0.519079236609333
21.015625 0.51907998630447
21.0234375 0.5190807328608
21.03125 0.519081476291456
21.0390625 0.519082216609515
21.046875 0.519082953828001
21.0546875 0.519083687959883
21.0625 0.519084419018076
21.0703125 0.519085147015441
21.078125 0.519085871964783
21.0859375 0.519086593878858
21.09375 0.519087312770365
21.1015625 0.519088028651951
21.109375 0.519088741536211
21.1171875 0.519089451435687
21.125 0.519090158362866
21.1328125 0.519090862330188
21.140625 0.519091563350035
21.1484375 0.519092261434743
21.15625 0.519092956596593
21.1640625 0.519093648847815
21.171875 0.519094338200588
21.1796875 0.519095024667041
21.1875 0.519095708259252
21.1953125 0.519096388989247
21.203125 0.519097066869005
21.2109375 0.519097741910452
21.21875 0.519098414125464
21.2265625 0.51909908352587
21.234375 0.519099750123447
21.2421875 0.519100413929924
21.25 0.519101074956981
21.2578125 0.519101733216249
21.265625 0.51910238871931
21.2734375 0.519103041477698
21.28125 0.519103691502899
21.2890625 0.519104338806351
21.296875 0.519104983399443
21.3046875 0.519105625293517
21.3125 0.519106264499869
21.3203125 0.519106901029746
21.328125 0.519107534894348
21.3359375 0.519108166104831
21.34375 0.5191087946723
21.3515625 0.519109420607816
21.359375 0.519110043922395
21.3671875 0.519110664627004
21.375 0.519111282732566
21.3828125 0.519111898249958
21.390625 0.519112511190011
21.3984375 0.519113121563513
21.40625 0.519113729381203
21.4140625 0.519114334653778
21.421875 0.51911493739189
21.4296875 0.519115537606145
21.4375 0.519116135307107
21.4453125 0.519116730505293
21.453125 0.519117323211178
21.4609375 0.519117913435193
21.46875 0.519118501187725
21.4765625 0.519119086479118
21.484375 0.519119669319671
21.4921875 0.519120249719643
21.5 0.519120827689248
21.5078125 0.519121403238657
21.515625 0.519121976377999
21.5234375 0.519122547117363
21.53125 0.519123115466792
21.5390625 0.519123681436288
21.546875 0.519124245035814
21.5546875 0.519124806275288
21.5625 0.519125365164588
21.5703125 0.51912592171355
21.578125 0.51912647593197
21.5859375 0.519127027829602
21.59375 0.519127577416159
21.6015625 0.519128124701315
21.609375 0.519128669694703
21.6171875 0.519129212405913
21.625 0.519129752844499
21.6328125 0.519130291019973
21.640625 0.519130826941807
21.6484375 0.519131360619434
21.65625 0.519131892062247
21.6640625 0.5191324212796
21.671875 0.519132948280809
21.6796875 0.519133473075149
21.6875 0.519133995671858
21.6953125 0.519134516080133
21.703125 0.519135034309136
21.7109375 0.519135550367988
21.71875 0.519136064265773
21.7265625 0.519136576011536
21.734375 0.519137085614285
21.7421875 0.519137593082991
21.75 0.519138098426586
21.7578125 0.519138601653965
21.765625 0.519139102773987
21.7734375 0.519139601795473
21.78125 0.519140098727206
21.7890625 0.519140593577935
21.796875 0.519141086356369
21.8046875 0.519141577071184
21.8125 0.519142065731018
21.8203125 0.519142552344472
21.828125 0.519143036920113
21.8359375 0.519143519466471
21.84375 0.519143999992041
21.8515625 0.51914447850528
21.859375 0.519144955014614
21.8671875 0.519145429528431
21.875 0.519145902055083
21.8828125 0.519146372602889
21.890625 0.519146841180133
21.8984375 0.519147307795064
21.90625 0.519147772455895
21.9140625 0.519148235170808
21.921875 0.519148695947948
21.9296875 0.519149154795427
21.9375 0.519149611721323
21.9453125 0.519150066733679
21.953125 0.519150519840507
21.9609375 0.519150971049782
21.96875 0.51915142036945
21.9765625 0.519151867807419
21.984375 0.519152313371567
21.9921875 0.519152757069739
22 0.519153198909746
22.0078125 0.519153638899366
22.015625 0.519154077046347
22.0234375 0.519154513358402
22.03125 0.519154947843211
22.0390625 0.519155380508426
22.046875 0.519155811361664
22.0546875 0.519156240410509
22.0625 0.519156667662516
22.0703125 0.519157093125207
22.078125 0.519157516806073
22.0859375 0.519157938712573
22.09375 0.519158358852136
22.1015625 0.519158777232159
22.109375 0.519159193860007
22.1171875 0.519159608743017
22.125 0.519160021888493
22.1328125 0.519160433303709
22.140625 0.51916084299591
22.1484375 0.519161250972308
22.15625 0.519161657240086
22.1640625 0.519162061806399
22.171875 0.519162464678368
22.1796875 0.519162865863089
22.1875 0.519163265367623
22.1953125 0.519163663199007
22.203125 0.519164059364244
22.2109375 0.51916445387031
22.21875 0.519164846724152
22.2265625 0.519165237932686
22.234375 0.519165627502801
22.2421875 0.519166015441357
22.25 0.519166401755184
22.2578125 0.519166786451085
22.265625 0.519167169535833
22.2734375 0.519167551016173
22.28125 0.519167930898824
22.2890625 0.519168309190473
22.296875 0.519168685897783
22.3046875 0.519169061027387
22.3125 0.519169434585889
22.3203125 0.519169806579868
22.328125 0.519170177015874
22.3359375 0.51917054590043
22.34375 0.519170913240032
22.3515625 0.519171279041148
22.359375 0.51917164331022
22.3671875 0.519172006053661
22.375 0.51917236727786
22.3828125 0.519172726989178
22.390625 0.519173085193948
22.3984375 0.519173441898479
22.40625 0.519173797109052
22.4140625 0.519174150831921
22.421875 0.519174503073316
22.4296875 0.519174853839441
22.4375 0.51917520313647
22.4453125 0.519175550970556
22.453125 0.519175897347824
22.4609375 0.519176242274374
22.46875 0.519176585756279
22.4765625 0.519176927799589
22.484375 0.519177268410326
22.4921875 0.51917760759449
22.5 0.519177945358053
22.5078125 0.519178281706963
22.515625 0.519178616647144
22.5234375 0.519178950184493
22.53125 0.519179282324886
22.5390625 0.51917961307417
22.546875 0.519179942438171
22.5546875 0.519180270422689
22.5625 0.5191805970335
22.5703125 0.519180922276356
22.578125 0.519181246156985
22.5859375 0.51918156868109
22.59375 0.519181889854352
22.6015625 0.519182209682427
22.609375 0.519182528170946
22.6171875 0.519182845325521
22.625 0.519183161151735
22.6328125 0.51918347565515
22.640625 0.519183788841307
22.6484375 0.51918410071572
22.65625 0.519184411283882
22.6640625 0.519184720551262
22.671875 0.519185028523308
22.6796875 0.519185335205443
22.6875 0.519185640603068
22.6953125 0.519185944721562
22.703125 0.519186247566282
22.7109375 0.51918654914256
22.71875 0.519186849455708
22.7265625 0.519187148511016
22.734375 0.51918744631375
22.7421875 0.519187742869155
22.75 0.519188038182454
22.7578125 0.519188332258849
22.765625 0.519188625103518
22.7734375 0.51918891672162
22.78125 0.51918920711829
22.7890625 0.519189496298644
22.796875 0.519189784267774
22.8046875 0.519190071030752
22.8125 0.519190356592629
22.8203125 0.519190640958434
22.828125 0.519190924133177
22.8359375 0.519191206121844
22.84375 0.519191486929402
22.8515625 0.519191766560797
22.859375 0.519192045020954
22.8671875 0.519192322314777
22.875 0.519192598447152
22.8828125 0.51919287342294
22.890625 0.519193147246986
22.8984375 0.519193419924112
22.90625 0.519193691459122
22.9140625 0.519193961856797
22.921875 0.519194231121901
22.9296875 0.519194499259175
22.9375 0.519194766273344
22.9453125 0.51919503216911
22.953125 0.519195296951156
22.9609375 0.519195560624147
22.96875 0.519195823192725
22.9765625 0.519196084661518
22.984375 0.519196345035129
22.9921875 0.519196604318145
23 0.519196862515133
23.0078125 0.519197119630641
23.015625 0.519197375669198
23.0234375 0.519197630635313
23.03125 0.519197884533478
23.0390625 0.519198137368165
23.046875 0.519198389143828
23.0546875 0.5191986398649
23.0625 0.519198889535799
23.0703125 0.519199138160923
23.078125 0.51919938574465
23.0859375 0.519199632291342
23.09375 0.519199877805341
23.1015625 0.519200122290973
23.109375 0.519200365752543
23.1171875 0.519200608194341
23.125 0.519200849620637
23.1328125 0.519201090035683
23.140625 0.519201329443714
23.1484375 0.519201567848948
23.15625 0.519201805255584
23.1640625 0.519202041667804
23.171875 0.519202277089772
23.1796875 0.519202511525636
23.1875 0.519202744979524
23.1953125 0.51920297745555
23.203125 0.519203208957808
23.2109375 0.519203439490376
23.21875 0.519203669057316
23.2265625 0.519203897662671
23.234375 0.519204125310468
23.2421875 0.519204352004717
23.25 0.519204577749412
23.2578125 0.519204802548529
23.265625 0.519205026406028
23.2734375 0.519205249325852
23.28125 0.519205471311929
23.2890625 0.519205692368169
23.296875 0.519205912498465
23.3046875 0.519206131706697
23.3125 0.519206349996724
23.3203125 0.519206567372393
23.328125 0.519206783837533
23.3359375 0.519206999395958
23.34375 0.519207214051463
23.3515625 0.519207427807831
23.359375 0.519207640668828
23.3671875 0.519207852638203
23.375 0.519208063719689
23.3828125 0.519208273917007
23.390625 0.519208483233858
23.3984375 0.51920869167393
23.40625 0.519208899240894
23.4140625 0.519209105938409
23.421875 0.519209311770114
23.4296875 0.519209516739635
23.4375 0.519209720850584
23.4453125 0.519209924106557
23.453125 0.519210126511134
23.4609375 0.51921032806788
23.46875 0.519210528780346
23.4765625 0.519210728652069
23.484375 0.51921092768657
23.4921875 0.519211125887354
23.5 0.519211323257913
23.5078125 0.519211519801725
23.515625 0.519211715522252
23.5234375 0.519211910422942
23.53125 0.519212104507228
23.5390625 0.51921229777853
23.546875 0.519212490240253
23.5546875 0.519212681895786
23.5625 0.519212872748507
23.5703125 0.519213062801779
23.578125 0.519213252058948
23.5859375 0.519213440523349
23.59375 0.519213628198303
23.6015625 0.519213815087116
23.609375 0.51921400119308
23.6171875 0.519214186519474
23.625 0.519214371069563
23.6328125 0.519214554846598
23.640625 0.519214737853817
23.6484375 0.519214920094444
23.65625 0.51921510157169
23.6640625 0.519215282288752
23.671875 0.519215462248814
23.6796875 0.519215641455046
23.6875 0.519215819910605
23.6953125 0.519215997618635
23.703125 0.519216174582268
23.7109375 0.51921635080462
23.71875 0.519216526288797
23.7265625 0.519216701037891
23.734375 0.519216875054979
23.7421875 0.519217048343128
23.75 0.519217220905391
23.7578125 0.519217392744807
23.765625 0.519217563864406
23.7734375 0.5192177342672
23.78125 0.519217903956192
23.7890625 0.519218072934373
23.796875 0.519218241204719
23.8046875 0.519218408770194
23.8125 0.519218575633751
23.8203125 0.51921874179833
23.828125 0.519218907266859
23.8359375 0.519219072042252
23.84375 0.519219236127412
23.8515625 0.519219399525231
23.859375 0.519219562238588
23.8671875 0.519219724270348
23.875 0.519219885623368
23.8828125 0.519220046300489
23.890625 0.519220206304542
23.8984375 0.519220365638348
23.90625 0.519220524304712
23.9140625 0.51922068230643
23.921875 0.519220839646287
23.9296875 0.519220996327054
23.9375 0.519221152351491
23.9453125 0.519221307722349
23.953125 0.519221462442364
23.9609375 0.519221616514261
23.96875 0.519221769940757
23.9765625 0.519221922724554
23.984375 0.519222074868343
23.9921875 0.519222226374806
24 0.519222377246611
24.0078125 0.519222527486418
24.015625 0.519222677096873
24.0234375 0.519222826080612
24.03125 0.51922297444026
24.0390625 0.519223122178431
24.046875 0.519223269297729
24.0546875 0.519223415800744
24.0625 0.519223561690059
24.0703125 0.519223706968244
24.078125 0.519223851637859
24.0859375 0.519223995701452
24.09375 0.519224139161562
24.1015625 0.519224282020716
24.109375 0.519224424281433
24.1171875 0.519224565946217
24.125 0.519224707017566
24.1328125 0.519224847497965
24.140625 0.519224987389889
24.1484375 0.519225126695802
24.15625 0.519225265418161
24.1640625 0.519225403559407
24.171875 0.519225541121977
24.1796875 0.519225678108293
24.1875 0.519225814520769
24.1953125 0.519225950361809
24.203125 0.519226085633805
24.2109375 0.519226220339143
24.21875 0.519226354480194
24.2265625 0.519226488059323
24.234375 0.519226621078884
24.2421875 0.519226753541219
24.25 0.519226885448663
24.2578125 0.519227016803541
24.265625 0.519227147608166
24.2734375 0.519227277864844
24.28125 0.519227407575869
24.2890625 0.519227536743527
24.296875 0.519227665370094
24.3046875 0.519227793457837
24.3125 0.519227921009012
24.3203125 0.519228048025866
24.328125 0.519228174510639
24.3359375 0.519228300465558
24.34375 0.519228425892843
24.3515625 0.519228550794704
24.359375 0.519228675173341
24.3671875 0.519228799030947
24.375 0.519228922369703
24.3828125 0.519229045191784
24.390625 0.519229167499352
24.3984375 0.519229289294564
24.40625 0.519229410579565
24.4140625 0.519229531356493
24.421875 0.519229651627475
24.4296875 0.51922977139463
24.4375 0.51922989066007
24.4453125 0.519230009425896
24.453125 0.5192301276942
24.4609375 0.519230245467066
24.46875 0.519230362746569
24.4765625 0.519230479534777
24.484375 0.519230595833747
24.4921875 0.519230711645528
24.5 0.51923082697216
24.5078125 0.519230941815677
24.515625 0.519231056178101
24.5234375 0.519231170061448
24.53125 0.519231283467725
24.5390625 0.519231396398929
24.546875 0.519231508857052
24.5546875 0.519231620844073
24.5625 0.519231732361967
24.5703125 0.519231843412699
24.578125 0.519231953998225
24.5859375 0.519232064120494
24.59375 0.519232173781447
24.6015625 0.519232282983016
24.609375 0.519232391727125
24.6171875 0.51923250001569
24.625 0.519232607850619
24.6328125 0.519232715233814
24.640625 0.519232822167165
24.6484375 0.519232928652557
24.65625 0.519233034691866
24.6640625 0.519233140286962
24.671875 0.519233245439704
24.6796875 0.519233350151946
24.6875 0.519233454425533
24.6953125 0.519233558262301
24.703125 0.519233661664082
24.7109375 0.519233764632697
24.71875 0.51923386716996
24.7265625 0.519233969277679
24.734375 0.519234070957652
24.7421875 0.519234172211671
24.75 0.519234273041521
24.7578125 0.519234373448978
24.765625 0.519234473435811
24.7734375 0.519234573003784
24.78125 0.519234672154649
24.7890625 0.519234770890154
24.796875 0.519234869212039
24.8046875 0.519234967122037
24.8125 0.519235064621873
24.8203125 0.519235161713265
24.828125 0.519235258397924
24.8359375 0.519235354677553
24.84375 0.51923545055385
24.8515625 0.519235546028503
24.859375 0.519235641103196
24.8671875 0.519235735779603
24.875 0.519235830059393
24.8828125 0.519235923944228
24.890625 0.519236017435761
24.8984375 0.51923611053564
24.90625 0.519236203245506
24.9140625 0.519236295566992
24.921875 0.519236387501726
24.9296875 0.519236479051327
24.9375 0.519236570217408
24.9453125 0.519236661001577
24.953125 0.519236751405432
24.9609375 0.519236841430568
24.96875 0.51923693107857
24.9765625 0.519237020351018
24.984375 0.519237109249485
24.9921875 0.519237197775539
25 0.519237285930738
25.0078125 0.519237373716636
25.015625 0.519237461134781
25.0234375 0.519237548186713
25.03125 0.519237634873965
25.0390625 0.519237721198066
25.046875 0.519237807160536
25.0546875 0.519237892762891
25.0625 0.519237978006639
25.0703125 0.519238062893282
25.078125 0.519238147424316
25.0859375 0.51923823160123
25.09375 0.519238315425508
25.1015625 0.519238398898628
25.109375 0.51923848202206
25.1171875 0.519238564797268
25.125 0.519238647225712
25.1328125 0.519238729308845
25.140625 0.519238811048112
25.1484375 0.519238892444954
25.15625 0.519238973500806
25.1640625 0.519239054217095
25.171875 0.519239134595245
25.1796875 0.519239214636671
25.1875 0.519239294342785
25.1953125 0.519239373714991
25.203125 0.519239452754687
25.2109375 0.519239531463267
25.21875 0.519239609842117
25.2265625 0.519239687892619
25.234375 0.519239765616147
25.2421875 0.519239843014073
25.25 0.51923992008776
25.2578125 0.519239996838565
25.265625 0.519240073267842
25.2734375 0.519240149376938
25.28125 0.519240225167193
25.2890625 0.519240300639943
25.296875 0.519240375796518
25.3046875 0.519240450638244
25.3125 0.519240525166438
25.3203125 0.519240599382413
25.328125 0.519240673287479
25.3359375 0.519240746882937
25.34375 0.519240820170084
25.3515625 0.519240893150212
25.359375 0.519240965824607
25.3671875 0.519241038194549
25.375 0.519241110261314
25.3828125 0.519241182026173
25.390625 0.519241253490388
25.3984375 0.519241324655221
25.40625 0.519241395521925
25.4140625 0.519241466091748
25.421875 0.519241536365936
25.4296875 0.519241606345725
25.4375 0.51924167603235
25.4453125 0.519241745427038
25.453125 0.519241814531012
25.4609375 0.519241883345491
25.46875 0.519241951871686
25.4765625 0.519242020110805
25.484375 0.519242088064052
25.4921875 0.519242155732623
25.5 0.519242223117711
25.5078125 0.519242290220504
25.515625 0.519242357042183
25.5234375 0.519242423583928
25.53125 0.51924248984691
25.5390625 0.519242555832297
25.546875 0.519242621541251
25.5546875 0.519242686974932
25.5625 0.519242752134492
25.5703125 0.519242817021079
25.578125 0.519242881635838
25.5859375 0.519242945979905
25.59375 0.519243010054417
25.6015625 0.519243073860501
25.609375 0.519243137399282
25.6171875 0.51924320067188
25.625 0.51924326367941
25.6328125 0.519243326422983
25.640625 0.519243388903704
25.6484375 0.519243451122674
25.65625 0.519243513080989
25.6640625 0.519243574779742
25.671875 0.519243636220021
25.6796875 0.519243697402906
25.6875 0.519243758329478
25.6953125 0.51924381900081
25.703125 0.51924387941797
25.7109375 0.519243939582024
25.71875 0.519243999494032
25.7265625 0.51924405915505
25.734375 0.519244118566129
25.7421875 0.519244177728317
25.75 0.519244236642655
25.7578125 0.519244295310182
25.765625 0.519244353731932
25.7734375 0.519244411908935
25.78125 0.519244469842216
25.7890625 0.519244527532795
25.796875 0.519244584981691
25.8046875 0.519244642189914
25.8125 0.519244699158473
25.8203125 0.519244755888373
25.828125 0.519244812380612
25.8359375 0.519244868636188
25.84375 0.51924492465609
25.8515625 0.519244980441306
25.859375 0.51924503599282
25.8671875 0.51924509131161
25.875 0.519245146398651
25.8828125 0.519245201254915
25.890625 0.519245255881367
25.8984375 0.519245310278971
25.90625 0.519245364448685
25.9140625 0.519245418391464
25.921875 0.519245472108259
25.9296875 0.519245525600016
25.9375 0.519245578867678
25.9453125 0.519245631912183
25.953125 0.519245684734468
25.9609375 0.519245737335461
25.96875 0.519245789716091
25.9765625 0.519245841877281
25.984375 0.51924589381995
25.9921875 0.519245945545013
26 0.519245997053382
26.0078125 0.519246048345964
26.015625 0.519246099423665
26.0234375 0.519246150287383
26.03125 0.519246200938015
26.0390625 0.519246251376454
26.046875 0.519246301603589
26.0546875 0.519246351620305
26.0625 0.519246401427483
26.0703125 0.519246451026002
26.078125 0.519246500416735
26.0859375 0.519246549600552
26.09375 0.519246598578322
26.1015625 0.519246647350906
26.109375 0.519246695919164
26.1171875 0.519246744283953
26.125 0.519246792446124
26.1328125 0.519246840406527
26.140625 0.519246888166007
26.1484375 0.519246935725405
26.15625 0.519246983085559
26.1640625 0.519247030247305
26.171875 0.519247077211473
26.1796875 0.519247123978891
26.1875 0.519247170550384
26.1953125 0.519247216926772
26.203125 0.519247263108872
26.2109375 0.519247309097498
26.21875 0.519247354893462
26.2265625 0.519247400497569
26.234375 0.519247445910624
26.2421875 0.519247491133427
26.25 0.519247536166775
26.2578125 0.519247581011462
26.265625 0.519247625668278
26.2734375 0.51924767013801
26.28125 0.519247714421441
26.2890625 0.519247758519353
26.296875 0.519247802432523
26.3046875 0.519247846161723
26.3125 0.519247889707726
26.3203125 0.519247933071298
26.328125 0.519247976253204
26.3359375 0.519248019254205
26.34375 0.519248062075059
26.3515625 0.519248104716519
26.359375 0.519248147179339
26.3671875 0.519248189464265
26.375 0.519248231572045
26.3828125 0.519248273503418
26.390625 0.519248315259126
26.3984375 0.519248356839902
26.40625 0.519248398246481
26.4140625 0.519248439479592
26.421875 0.519248480539962
26.4296875 0.519248521428314
26.4375 0.519248562145369
26.4453125 0.519248602691844
26.453125 0.519248643068455
26.4609375 0.519248683275913
26.46875 0.519248723314926
26.4765625 0.5192487631862
26.484375 0.519248802890438
26.4921875 0.519248842428339
26.5 0.519248881800601
26.5078125 0.519248921007917
26.515625 0.519248960050978
26.5234375 0.519248998930473
26.53125 0.519249037647086
26.5390625 0.5192490762015
26.546875 0.519249114594394
26.5546875 0.519249152826446
26.5625 0.519249190898329
26.5703125 0.519249228810713
26.578125 0.519249266564267
26.5859375 0.519249304159657
26.59375 0.519249341597545
26.6015625 0.519249378878591
26.609375 0.519249416003451
26.6171875 0.519249452972781
26.625 0.519249489787232
26.6328125 0.519249526447452
26.640625 0.519249562954088
26.6484375 0.519249599307783
26.65625 0.519249635509177
26.6640625 0.51924967155891
26.671875 0.519249707457615
26.6796875 0.519249743205927
26.6875 0.519249778804475
26.6953125 0.519249814253885
26.703125 0.519249849554784
26.7109375 0.519249884707794
26.71875 0.519249919713533
26.7265625 0.519249954572618
26.734375 0.519249989285665
26.7421875 0.519250023853285
26.75 0.519250058276087
26.7578125 0.519250092554678
26.765625 0.519250126689662
26.7734375 0.51925016068164
26.78125 0.519250194531212
26.7890625 0.519250228238975
26.796875 0.519250261805521
26.8046875 0.519250295231444
26.8125 0.519250328517332
26.8203125 0.519250361663771
26.828125 0.519250394671346
26.8359375 0.519250427540639
26.84375 0.519250460272229
26.8515625 0.519250492866693
26.859375 0.519250525324605
26.8671875 0.519250557646537
26.875 0.51925058983306
26.8828125 0.519250621884739
26.890625 0.519250653802141
26.8984375 0.519250685585828
26.90625 0.519250717236359
26.9140625 0.519250748754293
26.921875 0.519250780140185
26.9296875 0.519250811394589
26.9375 0.519250842518054
26.9453125 0.519250873511131
26.953125 0.519250904374364
26.9609375 0.519250935108299
26.96875 0.519250965713476
26.9765625 0.519250996190434
26.984375 0.519251026539713
26.9921875 0.519251056761845
27 0.519251086857364
27.0078125 0.5192511168268
27.015625 0.519251146670681
27.0234375 0.519251176389534
27.03125 0.519251205983881
27.0390625 0.519251235454246
27.046875 0.519251264801146
27.0546875 0.5192512940251
27.0625 0.519251323126622
27.0703125 0.519251352106226
27.078125 0.519251380964421
27.0859375 0.519251409701717
27.09375 0.519251438318621
27.1015625 0.519251466815635
27.109375 0.519251495193264
27.1171875 0.519251523452007
27.125 0.519251551592361
27.1328125 0.519251579614824
27.140625 0.519251607519888
27.1484375 0.519251635308046
27.15625 0.519251662979787
27.1640625 0.519251690535599
27.171875 0.519251717975969
27.1796875 0.519251745301378
27.1875 0.51925177251231
27.1953125 0.519251799609243
27.203125 0.519251826592655
27.2109375 0.519251853463022
27.21875 0.519251880220818
27.2265625 0.519251906866513
27.234375 0.519251933400578
27.2421875 0.51925195982348
27.25 0.519251986135685
27.2578125 0.519252012337656
27.265625 0.519252038429857
27.2734375 0.519252064412745
27.28125 0.51925209028678
27.2890625 0.519252116052417
27.296875 0.51925214171011
27.3046875 0.519252167260313
27.3125 0.519252192703474
27.3203125 0.519252218040042
27.328125 0.519252243270464
27.3359375 0.519252268395185
27.34375 0.519252293414648
27.3515625 0.519252318329293
27.359375 0.519252343139559
27.3671875 0.519252367845884
27.375 0.519252392448704
27.3828125 0.519252416948451
27.390625 0.519252441345558
27.3984375 0.519252465640454
27.40625 0.519252489833569
27.4140625 0.519252513925328
27.421875 0.519252537916155
27.4296875 0.519252561806475
27.4375 0.519252585596707
27.4453125 0.519252609287271
27.453125 0.519252632878585
27.4609375 0.519252656371064
27.46875 0.519252679765123
27.4765625 0.519252703061174
27.484375 0.519252726259627
27.4921875 0.519252749360891
27.5 0.519252772365374
27.5078125 0.51925279527348
27.515625 0.519252818085614
27.5234375 0.519252840802178
27.53125 0.519252863423572
27.5390625 0.519252885950195
27.546875 0.519252908382443
27.5546875 0.519252930720713
27.5625 0.519252952965398
27.5703125 0.519252975116889
27.578125 0.519252997175578
27.5859375 0.519253019141853
27.59375 0.519253041016101
27.6015625 0.519253062798709
27.609375 0.519253084490058
27.6171875 0.519253106090534
27.625 0.519253127600514
27.6328125 0.51925314902038
27.640625 0.519253170350508
27.6484375 0.519253191591275
27.65625 0.519253212743054
27.6640625 0.519253233806219
27.671875 0.51925325478114
27.6796875 0.519253275668188
27.6875 0.519253296467731
27.6953125 0.519253317180135
27.703125 0.519253337805765
27.7109375 0.519253358344985
27.71875 0.519253378798156
27.7265625 0.51925339916564
27.734375 0.519253419447796
27.7421875 0.519253439644979
27.75 0.519253459757548
27.7578125 0.519253479785856
27.765625 0.519253499730256
27.7734375 0.5192535195911
27.78125 0.519253539368737
27.7890625 0.519253559063517
27.796875 0.519253578675786
27.8046875 0.519253598205891
27.8125 0.519253617654174
27.8203125 0.51925363702098
27.828125 0.51925365630665
27.8359375 0.519253675511523
27.84375 0.519253694635937
27.8515625 0.519253713680231
27.859375 0.519253732644739
27.8671875 0.519253751529796
27.875 0.519253770335735
27.8828125 0.519253789062887
27.890625 0.519253807711582
27.8984375 0.51925382628215
27.90625 0.519253844774916
27.9140625 0.519253863190208
27.921875 0.519253881528349
27.9296875 0.519253899789663
27.9375 0.519253917974473
27.9453125 0.519253936083097
27.953125 0.519253954115856
27.9609375 0.519253972073067
27.96875 0.519253989955047
27.9765625 0.519254007762112
27.984375 0.519254025494574
27.9921875 0.519254043152746
28 0.51925406073694
28.0078125 0.519254078247466
28.015625 0.519254095684631
28.0234375 0.519254113048745
28.03125 0.519254130340111
28.0390625 0.519254147559037
28.046875 0.519254164705824
28.0546875 0.519254181780775
28.0625 0.519254198784191
28.0703125 0.519254215716371
28.078125 0.519254232577615
28.0859375 0.519254249368219
28.09375 0.519254266088479
28.1015625 0.519254282738691
28.109375 0.519254299319146
28.1171875 0.519254315830138
28.125 0.519254332271958
28.1328125 0.519254348644895
28.140625 0.519254364949239
28.1484375 0.519254381185275
28.15625 0.519254397353291
28.1640625 0.519254413453572
28.171875 0.519254429486401
28.1796875 0.519254445452061
28.1875 0.519254461350833
28.1953125 0.519254477182998
28.203125 0.519254492948834
28.2109375 0.519254508648619
28.21875 0.519254524282631
28.2265625 0.519254539851144
28.234375 0.519254555354433
28.2421875 0.519254570792772
28.25 0.519254586166432
28.2578125 0.519254601475684
28.265625 0.519254616720799
28.2734375 0.519254631902045
28.28125 0.519254647019689
28.2890625 0.519254662073998
28.296875 0.519254677065237
28.3046875 0.519254691993671
28.3125 0.519254706859563
28.3203125 0.519254721663174
28.328125 0.519254736404765
28.3359375 0.519254751084598
28.34375 0.519254765702929
28.3515625 0.519254780260017
28.359375 0.519254794756118
28.3671875 0.519254809191489
28.375 0.519254823566382
28.3828125 0.519254837881052
28.390625 0.519254852135752
28.3984375 0.519254866330731
28.40625 0.519254880466241
28.4140625 0.51925489454253
28.421875 0.519254908559847
28.4296875 0.519254922518438
28.4375 0.519254936418551
28.4453125 0.519254950260429
28.453125 0.519254964044316
28.4609375 0.519254977770457
28.46875 0.519254991439091
28.4765625 0.519255005050462
28.484375 0.519255018604808
28.4921875 0.519255032102368
28.5 0.51925504554338
28.5078125 0.519255058928081
28.515625 0.519255072256707
28.5234375 0.519255085529494
28.53125 0.519255098746674
28.5390625 0.519255111908481
28.546875 0.519255125015146
28.5546875 0.519255138066902
28.5625 0.519255151063977
28.5703125 0.519255164006601
28.578125 0.519255176895002
28.5859375 0.519255189729408
28.59375 0.519255202510044
28.6015625 0.519255215237135
28.609375 0.519255227910907
28.6171875 0.519255240531582
28.625 0.519255253099383
28.6328125 0.519255265614531
28.640625 0.519255278077247
28.6484375 0.519255290487751
28.65625 0.519255302846261
28.6640625 0.519255315152995
28.671875 0.51925532740817
28.6796875 0.519255339612003
28.6875 0.519255351764707
28.6953125 0.519255363866498
28.703125 0.519255375917589
28.7109375 0.519255387918191
28.71875 0.519255399868518
28.7265625 0.519255411768778
28.734375 0.519255423619183
28.7421875 0.51925543541994
28.75 0.519255447171258
28.7578125 0.519255458873344
28.765625 0.519255470526404
28.7734375 0.519255482130644
28.78125 0.519255493686268
28.7890625 0.51925550519348
28.796875 0.519255516652482
28.8046875 0.519255528063478
28.8125 0.519255539426666
28.8203125 0.519255550742249
28.828125 0.519255562010425
28.8359375 0.519255573231394
28.84375 0.519255584405352
28.8515625 0.519255595532497
28.859375 0.519255606613025
28.8671875 0.51925561764713
28.875 0.519255628635009
28.8828125 0.519255639576854
28.890625 0.519255650472858
28.8984375 0.519255661323214
28.90625 0.519255672128112
28.9140625 0.519255682887743
28.921875 0.519255693602296
28.9296875 0.519255704271961
28.9375 0.519255714896926
28.9453125 0.519255725477377
28.953125 0.519255736013501
28.9609375 0.519255746505485
28.96875 0.519255756953512
28.9765625 0.519255767357767
28.984375 0.519255777718434
28.9921875 0.519255788035695
29 0.519255798309731
29.0078125 0.519255808540725
29.015625 0.519255818728856
29.0234375 0.519255828874304
29.03125 0.519255838977247
29.0390625 0.519255849037864
29.046875 0.519255859056332
29.0546875 0.519255869032828
29.0625 0.519255878967528
29.0703125 0.519255888860606
29.078125 0.519255898712237
29.0859375 0.519255908522594
29.09375 0.519255918291851
29.1015625 0.51925592802018
29.109375 0.519255937707752
29.1171875 0.519255947354738
29.125 0.519255956961308
29.1328125 0.519255966527631
29.140625 0.519255976053876
29.1484375 0.519255985540211
29.15625 0.519255994986803
29.1640625 0.519256004393818
29.171875 0.519256013761423
29.1796875 0.519256023089782
29.1875 0.51925603237906
29.1953125 0.51925604162942
29.203125 0.519256050841026
29.2109375 0.51925606001404
29.21875 0.519256069148624
29.2265625 0.519256078244938
29.234375 0.519256087303144
29.2421875 0.5192560963234
29.25 0.519256105305866
29.2578125 0.519256114250699
29.265625 0.519256123158058
29.2734375 0.5192561320281
29.28125 0.519256140860981
29.2890625 0.519256149656856
29.296875 0.519256158415881
29.3046875 0.51925616713821
29.3125 0.519256175823997
29.3203125 0.519256184473395
29.328125 0.519256193086556
29.3359375 0.519256201663632
29.34375 0.519256210204775
29.3515625 0.519256218710134
29.359375 0.51925622717986
29.3671875 0.519256235614103
29.375 0.519256244013009
29.3828125 0.519256252376729
29.390625 0.519256260705409
29.3984375 0.519256268999196
29.40625 0.519256277258236
29.4140625 0.519256285482674
29.421875 0.519256293672657
29.4296875 0.519256301828327
29.4375 0.519256309949829
29.4453125 0.519256318037306
29.453125 0.519256326090901
29.4609375 0.519256334110755
29.46875 0.51925634209701
29.4765625 0.519256350049806
29.484375 0.519256357969284
29.4921875 0.519256365855584
29.5 0.519256373708843
29.5078125 0.519256381529202
29.515625 0.519256389316797
29.5234375 0.519256397071765
29.53125 0.519256404794245
29.5390625 0.519256412484371
29.546875 0.519256420142279
29.5546875 0.519256427768104
29.5625 0.519256435361981
29.5703125 0.519256442924043
29.578125 0.519256450454424
29.5859375 0.519256457953256
29.59375 0.519256465420672
29.6015625 0.519256472856803
29.609375 0.519256480261781
29.6171875 0.519256487635735
29.625 0.519256494978796
29.6328125 0.519256502291093
29.640625 0.519256509572755
29.6484375 0.519256516823911
29.65625 0.519256524044688
29.6640625 0.519256531235213
29.671875 0.519256538395614
29.6796875 0.519256545526016
29.6875 0.519256552626545
29.6953125 0.519256559697327
29.703125 0.519256566738485
29.7109375 0.519256573750144
29.71875 0.519256580732428
29.7265625 0.51925658768546
29.734375 0.519256594609362
29.7421875 0.519256601504256
29.75 0.519256608370264
29.7578125 0.519256615207507
29.765625 0.519256622016105
29.7734375 0.519256628796178
29.78125 0.519256635547846
29.7890625 0.519256642271228
29.796875 0.519256648966442
29.8046875 0.519256655633607
29.8125 0.519256662272839
29.8203125 0.519256668884257
29.828125 0.519256675467975
29.8359375 0.519256682024111
29.84375 0.519256688552781
29.8515625 0.519256695054098
29.859375 0.519256701528178
29.8671875 0.519256707975134
29.875 0.519256714395082
29.8828125 0.519256720788132
29.890625 0.519256727154399
29.8984375 0.519256733493994
29.90625 0.51925673980703
29.9140625 0.519256746093617
29.921875 0.519256752353866
29.9296875 0.519256758587888
29.9375 0.519256764795793
29.9453125 0.519256770977689
29.953125 0.519256777133686
29.9609375 0.519256783263893
29.96875 0.519256789368417
29.9765625 0.519256795447366
29.984375 0.519256801500847
29.9921875 0.519256807528967
30 0.519256813531832
30.0078125 0.519256819509548
30.015625 0.519256825462221
30.0234375 0.519256831389954
30.03125 0.519256837292853
30.0390625 0.519256843171022
30.046875 0.519256849024565
30.0546875 0.519256854853584
30.0625 0.519256860658182
30.0703125 0.519256866438461
30.078125 0.519256872194524
30.0859375 0.519256877926472
30.09375 0.519256883634406
30.1015625 0.519256889318427
30.109375 0.519256894978634
30.1171875 0.519256900615128
30.125 0.519256906228007
30.1328125 0.519256911817372
30.140625 0.519256917383319
30.1484375 0.519256922925948
30.15625 0.519256928445356
30.1640625 0.519256933941641
30.171875 0.519256939414898
30.1796875 0.519256944865225
30.1875 0.519256950292719
30.1953125 0.519256955697473
30.203125 0.519256961079584
30.2109375 0.519256966439147
30.21875 0.519256971776256
30.2265625 0.519256977091005
30.234375 0.519256982383488
30.2421875 0.519256987653797
30.25 0.519256992902027
30.2578125 0.519256998128269
30.265625 0.519257003332616
30.2734375 0.519257008515159
30.28125 0.51925701367599
30.2890625 0.519257018815199
30.296875 0.519257023932878
30.3046875 0.519257029029116
30.3125 0.519257034104003
30.3203125 0.519257039157629
30.328125 0.519257044190083
30.3359375 0.519257049201453
30.34375 0.519257054191828
30.3515625 0.519257059161295
30.359375 0.519257064109943
30.3671875 0.519257069037859
30.375 0.519257073945129
30.3828125 0.51925707883184
30.390625 0.519257083698078
30.3984375 0.519257088543928
30.40625 0.519257093369477
30.4140625 0.519257098174809
30.421875 0.51925710296001
30.4296875 0.519257107725162
30.4375 0.519257112470351
30.4453125 0.51925711719566
30.453125 0.519257121901172
30.4609375 0.51925712658697
30.46875 0.519257131253137
30.4765625 0.519257135899755
30.484375 0.519257140526906
30.4921875 0.519257145134671
30.5 0.519257149723133
30.5078125 0.51925715429237
30.515625 0.519257158842465
30.5234375 0.519257163373497
30.53125 0.519257167885546
30.5390625 0.519257172378692
30.546875 0.519257176853014
30.5546875 0.51925718130859
30.5625 0.5192571857455
30.5703125 0.519257190163821
30.578125 0.519257194563632
30.5859375 0.51925719894501
30.59375 0.519257203308031
30.6015625 0.519257207652774
30.609375 0.519257211979315
30.6171875 0.519257216287729
30.625 0.519257220578093
30.6328125 0.519257224850482
30.640625 0.519257229104973
30.6484375 0.519257233341639
30.65625 0.519257237560555
30.6640625 0.519257241761796
30.671875 0.519257245945436
30.6796875 0.519257250111549
30.6875 0.519257254260207
30.6953125 0.519257258391485
30.703125 0.519257262505455
30.7109375 0.519257266602189
30.71875 0.519257270681759
30.7265625 0.519257274744239
30.734375 0.519257278789698
30.7421875 0.519257282818209
30.75 0.519257286829842
30.7578125 0.519257290824669
30.765625 0.519257294802759
30.7734375 0.519257298764183
30.78125 0.51925730270901
30.7890625 0.519257306637311
30.796875 0.519257310549153
30.8046875 0.519257314444607
30.8125 0.519257318323741
30.8203125 0.519257322186624
30.828125 0.519257326033322
30.8359375 0.519257329863905
30.84375 0.519257333678439
30.8515625 0.519257337476993
30.859375 0.519257341259632
30.8671875 0.519257345026424
30.875 0.519257348777435
30.8828125 0.519257352512731
30.890625 0.519257356232377
30.8984375 0.519257359936441
30.90625 0.519257363624986
30.9140625 0.519257367298077
30.921875 0.519257370955781
30.9296875 0.51925737459816
30.9375 0.519257378225279
30.9453125 0.519257381837203
30.953125 0.519257385433994
30.9609375 0.519257389015717
30.96875 0.519257392582433
30.9765625 0.519257396134207
30.984375 0.519257399671101
30.9921875 0.519257403193177
31 0.519257406700497
31.0078125 0.519257410193123
31.015625 0.519257413671116
31.0234375 0.519257417134539
31.03125 0.519257420583451
31.0390625 0.519257424017914
31.046875 0.519257427437988
31.0546875 0.519257430843734
31.0625 0.519257434235211
31.0703125 0.51925743761248
31.078125 0.5192574409756
31.0859375 0.519257444324629
31.09375 0.519257447659628
31.1015625 0.519257450980655
31.109375 0.519257454287768
31.1171875 0.519257457581026
31.125 0.519257460860487
31.1328125 0.519257464126209
31.140625 0.519257467378249
31.1484375 0.519257470616664
31.15625 0.519257473841512
31.1640625 0.519257477052849
31.171875 0.519257480250732
31.1796875 0.519257483435218
31.1875 0.519257486606362
31.1953125 0.519257489764221
31.203125 0.519257492908849
31.2109375 0.519257496040303
31.21875 0.519257499158638
31.2265625 0.519257502263909
31.234375 0.51925750535617
31.2421875 0.519257508435476
31.25 0.519257511501881
31.2578125 0.519257514555439
31.265625 0.519257517596204
31.2734375 0.51925752062423
31.28125 0.51925752363957
31.2890625 0.519257526642277
31.296875 0.519257529632405
31.3046875 0.519257532610005
31.3125 0.51925753557513
31.3203125 0.519257538527833
31.328125 0.519257541468165
31.3359375 0.519257544396179
31.34375 0.519257547311926
31.3515625 0.519257550215457
31.359375 0.519257553106824
31.3671875 0.519257555986077
31.375 0.519257558853268
31.3828125 0.519257561708447
31.390625 0.519257564551663
31.3984375 0.519257567382968
31.40625 0.519257570202411
31.4140625 0.519257573010042
31.421875 0.519257575805911
31.4296875 0.519257578590066
31.4375 0.519257581362556
31.4453125 0.519257584123432
31.453125 0.51925758687274
31.4609375 0.51925758961053
31.46875 0.519257592336851
31.4765625 0.519257595051749
31.484375 0.519257597755273
31.4921875 0.51925760044747
31.5 0.519257603128389
31.5078125 0.519257605798076
31.515625 0.519257608456578
31.5234375 0.519257611103942
31.53125 0.519257613740215
31.5390625 0.519257616365444
31.546875 0.519257618979673
31.5546875 0.519257621582951
31.5625 0.519257624175322
31.5703125 0.519257626756832
31.578125 0.519257629327527
31.5859375 0.519257631887452
31.59375 0.519257634436652
31.6015625 0.519257636975172
31.609375 0.519257639503057
31.6171875 0.519257642020351
31.625 0.519257644527099
31.6328125 0.519257647023345
31.640625 0.519257649509133
31.6484375 0.519257651984507
31.65625 0.519257654449509
31.6640625 0.519257656904185
31.671875 0.519257659348577
31.6796875 0.519257661782728
31.6875 0.519257664206681
31.6953125 0.519257666620479
31.703125 0.519257669024164
31.7109375 0.519257671417779
31.71875 0.519257673801366
31.7265625 0.519257676174966
31.734375 0.519257678538623
31.7421875 0.519257680892376
31.75 0.519257683236269
31.7578125 0.519257685570342
31.765625 0.519257687894636
31.7734375 0.519257690209193
31.78125 0.519257692514052
31.7890625 0.519257694809256
31.796875 0.519257697094843
31.8046875 0.519257699370855
31.8125 0.519257701637332
31.8203125 0.519257703894313
31.828125 0.519257706141838
31.8359375 0.519257708379948
31.84375 0.51925771060868
31.8515625 0.519257712828076
31.859375 0.519257715038173
31.8671875 0.519257717239011
31.875 0.519257719430628
31.8828125 0.519257721613064
31.890625 0.519257723786356
31.8984375 0.519257725950544
31.90625 0.519257728105664
31.9140625 0.519257730251755
31.921875 0.519257732388856
31.9296875 0.519257734517002
31.9375 0.519257736636233
31.9453125 0.519257738746586
31.953125 0.519257740848097
31.9609375 0.519257742940803
31.96875 0.519257745024742
31.9765625 0.519257747099951
31.984375 0.519257749166465
31.9921875 0.519257751224321
32 0.519257753273557
Total steps: 16384
