0 0
0.0078125 7.82778619322162e-005
0.015625 0.000156861998838224
0.0234375 0.000235753512198904
0.03125 0.000314953506666798
0.0390625 0.000394463090068601
0.046875 0.000474283373407589
0.0546875 0.000554415470865989
0.0625 0.000634860499807276
0.0703125 0.000715619580778409
0.078125 0.000796693837512004
0.0859375 0.00087808439692843
0.09375 0.00095979238913785
0.1015625 0.00104181894744219
0.109375 0.00112416520833702
0.1171875 0.0012068323115134
0.125 0.00128982139985965
0.1328125 0.001373133619463
0.140625 0.00145677011961123
0.1484375 0.00154073205279419
0.15625 0.00162502057470532
0.1640625 0.00170963684424299
0.171875 0.00179458202351183
0.1796875 0.001879857277824
0.1875 0.00196546377570035
0.1953125 0.00205140268887148
0.203125 0.00213767519227879
0.2109375 0.0022242824640754
0.21875 0.002311225685627
0.2265625 0.00239850604151265
0.234375 0.00248612471952542
0.2421875 0.00257408291067305
0.25 0.00266238180917848
0.2578125 0.00275102261248026
0.265625 0.00284000652123293
0.2734375 0.00292933473930731
0.28125 0.00301900847379067
0.2890625 0.00310902893498685
0.296875 0.00319939733641624
0.3046875 0.00329011489481577
0.3125 0.0033811828301387
0.3203125 0.00347260236555439
0.328125 0.00356437472744792
0.3359375 0.00365650114541973
0.34375 0.00374898285228502
0.3515625 0.00384182108407317
0.359375 0.00393501708002702
0.3671875 0.00402857208260206
0.375 0.00412248733746551
0.3828125 0.00421676409349534
0.390625 0.00431140360277915
0.3984375 0.00440640712061299
0.40625 0.00450177590550005
0.4140625 0.00459751121914926
0.421875 0.0046936143264738
0.4296875 0.0047900864955895
0.4375 0.00488692899781311
0.4453125 0.00498414310766053
0.453125 0.00508173010284485
0.4609375 0.00517969126427437
0.46875 0.00527802787605045
0.4765625 0.0053767412254653
0.484375 0.0054758326029996
0.4921875 0.00557530330232007
0.5 0.00567515462027691
0.5078125 0.00577538785690112
0.515625 0.0058760043154017
0.5234375 0.00597700530216278
0.53125 0.00607839212674056
0.5390625 0.00618016610186024
0.546875 0.00628232854341271
0.5546875 0.00638488077045124
0.5625 0.00648782410518795
0.5703125 0.00659115987299025
0.578125 0.00669488940237711
0.5859375 0.00679901402501518
0.59375 0.00690353507571489
0.6015625 0.0070084538924263
0.609375 0.00711377181623494
0.6171875 0.00721949019135743
0.625 0.00732561036513704
0.6328125 0.00743213368803912
0.640625 0.00753906151364631
0.6484375 0.00764639519865379
0.65625 0.00775413610286422
0.6640625 0.00786228558918268
0.671875 0.00797084502361141
0.6796875 0.00807981577524442
0.6875 0.00818919921626203
0.6953125 0.00829899672192517
0.703125 0.00840920967056962
0.7109375 0.00851983944360012
0.71875 0.00863088742548428
0.7265625 0.00874235500374636
0.734375 0.00885424356896101
0.7421875 0.00896655451474673
0.75 0.00907928923775924
0.7578125 0.00919244913768478
0.765625 0.00930603561723311
0.7734375 0.00942005008213055
0.78125 0.00953449394111268
0.7890625 0.00964936860591708
0.796875 0.00976467549127575
0.8046875 0.00988041601490751
0.8125 0.00999659159751016
0.8203125 0.0101132036627526
0.828125 0.0102302536372665
0.8359375 0.0103477429506384
0.84375 0.0104656730354011
0.8515625 0.0105840453270248
0.859375 0.0107028612639089
0.8671875 0.0108221222873727
0.875 0.0109418298416465
0.8828125 0.0110619853738625
0.890625 0.0111825903340452
0.8984375 0.0113036461751018
0.90625 0.0114251543528129
0.9140625 0.0115471163258221
0.921875 0.0116695335556264
0.9296875 0.0117924075065658
0.9375 0.0119157396458127
0.9453125 0.012039531443362
0.953125 0.0121637843720196
0.9609375 0.0122884999073919
0.96875 0.0124136795278748
0.9765625 0.0125393247146424
0.984375 0.0126654369516353
0.9921875 0.0127920177255495
1 0.012919068525824
1.0078125 0.0130465908446295
1.015625 0.0131745861768558
1.0234375 0.0133030560200997
1.03125 0.0134320018746523
1.0390625 0.0135614252434866
1.046875 0.0136913276322443
1.0546875 0.013821710549223
1.0625 0.0139525755053628
1.0703125 0.0140839240142328
1.078125 0.0142157575920178
1.0859375 0.014348077757504
1.09375 0.0144808860320654
1.1015625 0.0146141839396493
1.109375 0.0147479730067621
1.1171875 0.0148822547624545
1.125 0.015017030738307
1.1328125 0.0151523024684145
1.140625 0.0152880714893714
1.1484375 0.0154243393402561
1.15625 0.0155611075626154
1.1640625 0.0156983777004487
1.171875 0.015836151300192
1.1796875 0.0159744299107016
1.1875 0.0161132150832378
1.1953125 0.0162525083714481
1.203125 0.0163923113313505
1.2109375 0.0165326255213164
1.21875 0.0166734525020535
1.2265625 0.0168147938365878
1.234375 0.0169566510902465
1.2421875 0.0170990258306397
1.25 0.0172419196276425
1.2578125 0.0173853340533764
1.265625 0.0175292706821912
1.2734375 0.0176737310906455
1.28125 0.0178187168574883
1.2890625 0.0179642295636396
1.296875 0.0181102707921707
1.3046875 0.0182568421282848
1.3125 0.0184039451592971
1.3203125 0.0185515814746143
1.328125 0.0186997526657147
1.3359375 0.0188484603261274
1.34375 0.0189977060514111
1.3515625 0.0191474914391339
1.359375 0.0192978180888511
1.3671875 0.0194486876020842
1.375 0.019600101582299
1.3828125 0.0197520616348835
1.390625 0.0199045693671258
1.3984375 0.0200576263881915
1.40625 0.020211234309101
1.4140625 0.0203653947427066
1.421875 0.0205201093036692
1.4296875 0.0206753796084349
1.4375 0.0208312072752112
1.4453125 0.020987593923943
1.453125 0.0211445411762889
1.4609375 0.0213020506555959
1.46875 0.0214601239868755
1.4765625 0.0216187627967781
1.484375 0.0217779687135685
1.4921875 0.0219377433670997
1.5 0.0220980883887876
1.5078125 0.022259005411585
1.515625 0.0224204960699554
1.5234375 0.0225825619998462
1.53125 0.0227452048386623
1.5390625 0.0229084262252392
1.546875 0.0230722277998151
1.5546875 0.023236611204004
1.5625 0.0234015780807676
1.5703125 0.0235671300743875
1.578125 0.0237332688304362
1.5859375 0.0238999959957495
1.59375 0.0240673132183968
1.6015625 0.0242352221476522
1.609375 0.0244037244339654
1.6171875 0.0245728217289316
1.625 0.0247425156852617
1.6328125 0.0249128079567521
1.640625 0.0250837001982543
1.6484375 0.0252551940656438
1.65625 0.0254272912157892
1.6640625 0.0255999933065213
1.671875 0.0257733019966005
1.6796875 0.0259472189456859
1.6875 0.0261217458143025
1.6953125 0.026296884263809
1.703125 0.0264726359563651
1.7109375 0.026649002554898
1.71875 0.0268259857230698
1.7265625 0.0270035871252433
1.734375 0.0271818084264485
1.7421875 0.0273606512923482
1.75 0.0275401173892035
1.7578125 0.0277202083838393
1.765625 0.0279009259436088
1.7734375 0.0280822717363588
1.78125 0.0282642474303933
1.7890625 0.0284468546944383
1.796875 0.0286300951976049
1.8046875 0.0288139706093534
1.8125 0.0289984825994559
1.8203125 0.0291836328379598
1.828125 0.0293694229951496
1.8359375 0.0295558547415101
1.84375 0.0297429297476876
1.8515625 0.0299306496844518
1.859375 0.0301190162226576
1.8671875 0.0303080310332055
1.875 0.0304976957870029
1.8828125 0.0306880121549243
1.890625 0.0308789818077715
1.8984375 0.0310706064162336
1.90625 0.0312628876508464
1.9140625 0.0314558271819515
1.921875 0.0316494266796555
1.9296875 0.0318436878137887
1.9375 0.032038612253863
1.9453125 0.0322342016690302
1.953125 0.0324304577280396
1.9609375 0.0326273820991956
1.96875 0.0328249764503143
1.9765625 0.0330232424486806
1.984375 0.0332221817610047
1.9921875 0.033421796053378
2 0.033622086991229
2.0078125 0.0338230562392786
2.015625 0.0340247054614958
2.0234375 0.034227036321052
2.03125 0.0344300504802759
2.0390625 0.0346337496006074
2.046875 0.034838135342552
2.0546875 0.0350432093656339
2.0625 0.0352489733283495
2.0703125 0.0354554288881202
2.078125 0.0356625777012454
2.0859375 0.0358704214228544
2.09375 0.0360789617068584
2.1015625 0.0362882002059027
2.109375 0.0364981385713174
2.1171875 0.0367087784530685
2.125 0.0369201214997092
2.1328125 0.0371321693583296
2.140625 0.0373449236745072
2.1484375 0.0375583860922561
2.15625 0.0377725582539772
2.1640625 0.0379874418004065
2.171875 0.0382030383705645
2.1796875 0.0384193496017042
2.1875 0.0386363771292593
2.1953125 0.0388541225867923
2.203125 0.0390725876059414
2.2109375 0.0392917738163682
2.21875 0.0395116828457043
2.2265625 0.0397323163194976
2.234375 0.0399536758611588
2.2421875 0.040175763091907
2.25 0.0403985796307154
2.2578125 0.0406221270942561
2.265625 0.0408464070968458
2.2734375 0.0410714212503893
2.28125 0.0412971711643245
2.2890625 0.041523658445566
2.296875 0.0417508846984487
2.3046875 0.041978851524671
2.3125 0.0422075605232377
2.3203125 0.0424370132904029
2.328125 0.0426672114196118
2.3359375 0.0428981565014432
2.34375 0.0431298501235505
2.3515625 0.0433622938706036
2.359375 0.0435954893242294
2.3671875 0.0438294380629531
2.375 0.0440641416621376
2.3828125 0.0442996016939246
2.390625 0.0445358197271733
2.3984375 0.0447727973274007
2.40625 0.0450105360567198
2.4140625 0.0452490374737791
2.421875 0.0454883031337005
2.4296875 0.0457283345880177
2.4375 0.0459691333846137
2.4453125 0.0462107010676587
2.453125 0.0464530391775469
2.4609375 0.0466961492508335
2.46875 0.0469400328201713
2.4765625 0.0471846914142466
2.484375 0.0474301265577155
2.4921875 0.0476763397711393
2.5 0.0479233325709198
2.5078125 0.0481711064692342
2.515625 0.0484196629739698
2.5234375 0.0486690035886586
2.53125 0.048919129812411
2.5390625 0.0491700431398496
2.546875 0.0494217450610429
2.5546875 0.0496742370614381
2.5625 0.0499275206217942
2.5703125 0.0501815972181143
2.578125 0.0504364683215779
2.5859375 0.050692135398473
2.59375 0.0509485999101276
2.6015625 0.0512058633128407
2.609375 0.0514639270578142
2.6171875 0.0517227925910826
2.625 0.0519824613534443
2.6328125 0.0522429347803911
2.640625 0.0525042143020388
2.6484375 0.0527663013430559
2.65625 0.0530291973225938
2.6640625 0.053292903654215
2.671875 0.0535574217458224
2.6796875 0.0538227529995875
2.6875 0.0540888988118785
2.6953125 0.0543558605731886
2.703125 0.0546236396680628
2.7109375 0.0548922374750262
2.71875 0.0551616553665103
2.7265625 0.0554318947087802
2.734375 0.0557029568618609
2.7421875 0.0559748431794637
2.75 0.0562475550089121
2.7578125 0.0565210936910677
2.765625 0.0567954605602553
2.7734375 0.0570706569441884
2.78125 0.0573466841638942
2.7890625 0.0576235435336378
2.796875 0.0579012363608474
2.8046875 0.0581797639460377
2.8125 0.0584591275827345
2.8203125 0.0587393285573979
2.828125 0.059020368149346
2.8359375 0.0593022476306782
2.84375 0.0595849682661978
2.8515625 0.059868531313335
2.859375 0.0601529380220694
2.8671875 0.0604381896348523
2.875 0.0607242873865285
2.8828125 0.0610112325042584
2.890625 0.0612990262074392
2.8984375 0.0615876697076268
2.90625 0.0618771642084567
2.9140625 0.0621675109055646
2.921875 0.0624587109865077
2.9296875 0.0627507656306849
2.9375 0.063043676009257
2.9453125 0.0633374432850674
2.953125 0.0636320686125609
2.9609375 0.0639275531377048
2.96875 0.0642238979979071
2.9765625 0.0645211043219368
2.984375 0.0648191732298425
2.9921875 0.0651181058328716
3 0.0654179032333888
3.0078125 0.0657185665247952
3.015625 0.066020096791446
3.0234375 0.0663224951085695
3.03125 0.0666257625421847
3.0390625 0.0669299001490193
3.046875 0.0672349089764277
3.0546875 0.0675407900623081
3.0625 0.0678475444350205
3.0703125 0.0681551731133038
3.078125 0.0684636771061927
3.0859375 0.0687730574129352
3.09375 0.069083315022909
3.1015625 0.0693944509155386
3.109375 0.0697064660602117
3.1171875 0.0700193614161957
3.125 0.0703331379325542
3.1328125 0.0706477965480632
3.140625 0.070963338191127
3.1484375 0.0712797637796946
3.15625 0.0715970742211754
3.1640625 0.071915270412355
3.171875 0.0722343532393111
3.1796875 0.0725543235773288
3.1875 0.0728751822908165
3.1953125 0.073196930233221
3.203125 0.0735195682469433
3.2109375 0.0738430971632536
3.21875 0.0741675178022065
3.2265625 0.0744928309725563
3.234375 0.0748190374716721
3.2421875 0.0751461380854528
3.25 0.075474133588242
3.2578125 0.0758030247427432
3.265625 0.0761328122999346
3.2734375 0.0764634969989837
3.28125 0.0767950795671626
3.2890625 0.0771275607197624
3.296875 0.0774609411600084
3.3046875 0.0777952215789743
3.3125 0.0781304026554975
3.3203125 0.0784664850560938
3.328125 0.0788034694348716
3.3359375 0.0791413564334474
3.34375 0.0794801466808601
3.3515625 0.0798198407934857
3.359375 0.0801604393749525
3.3671875 0.0805019430160557
3.375 0.0808443522946722
3.3828125 0.0811876677756754
3.390625 0.0815318900108505
3.3984375 0.081877019538809
3.40625 0.0822230568849042
3.4140625 0.0825700025611458
3.421875 0.0829178570661155
3.4296875 0.0832666208848818
3.4375 0.0836162944889158
3.4453125 0.0839668783360059
3.453125 0.084318372870174
3.4609375 0.0846707785215904
3.46875 0.0850240957064899
3.4765625 0.0853783248270873
3.484375 0.0857334662714934
3.4921875 0.086089520413631
3.5 0.0864464876131508
3.5078125 0.086804368215348
3.515625 0.0871631625510784
3.5234375 0.0875228709366747
3.53125 0.0878834936738638
3.5390625 0.0882450310496831
3.546875 0.0886074833363975
3.5546875 0.0889708507914169
3.5625 0.0893351336572131
3.5703125 0.0897003321612374
3.578125 0.0900664465158386
3.5859375 0.0904334769181804
3.59375 0.0908014235501597
3.6015625 0.0911702865783251
3.609375 0.0915400661537949
3.6171875 0.091910762412176
3.625 0.0922823754734833
3.6328125 0.092654905442058
3.640625 0.0930283524064878
3.6484375 0.0934027164395259
3.65625 0.0937779975980116
3.6640625 0.0941541959227898
3.671875 0.0945313114386318
3.6796875 0.0949093441541559
3.6875 0.0952882940617484
3.6953125 0.0956681611374848
3.703125 0.0960489453410516
3.7109375 0.0964306466156679
3.71875 0.0968132648880075
3.7265625 0.0971968000681218
3.734375 0.0975812520493622
3.7421875 0.0979666207083036
3.75 0.0983529059046674
3.7578125 0.0987401074812457
3.765625 0.0991282252638256
3.7734375 0.0995172590611132
3.78125 0.099907208664659
3.7890625 0.100298073848783
3.796875 0.1006898543705
3.8046875 0.101082549969445
3.8125 0.101476160367804
3.8203125 0.101870685270234
3.828125 0.102266124363795
3.8359375 0.102662477317875
3.84375 0.103059743784122
3.8515625 0.103457923396368
3.859375 0.10385701577056
3.8671875 0.104257020504689
3.875 0.104657937178722
3.8828125 0.105059765354528
3.890625 0.105462504575813
3.8984375 0.105866154368049
3.90625 0.106270714238405
3.9140625 0.106676183675682
3.921875 0.107082562150244
3.9296875 0.10748984911395
3.9375 0.107898044000093
3.9453125 0.108307146223325
3.953125 0.108717155179602
3.9609375 0.109128070246112
3.96875 0.109539890781215
3.9765625 0.109952616124377
3.984375 0.110366245596108
3.9921875 0.1107807784979
4 0.111196214112165
4.0078125 0.111612551702173
4.015625 0.112029790511992
4.0234375 0.112447929766427
4.03125 0.112866968670962
4.0390625 0.1132869064117
4.046875 0.113707742155306
4.0546875 0.114129475048946
4.0625 0.114552104220236
4.0703125 0.114975628777179
4.078125 0.115400047808114
4.0859375 0.11582536038166
4.09375 0.11625156554666
4.1015625 0.116678662332129
4.109375 0.117106649747201
4.1171875 0.117535526781074
4.125 0.117965292402964
4.1328125 0.118395945562048
4.140625 0.118827485187416
4.1484375 0.119259910188024
4.15625 0.119693219452642
4.1640625 0.120127411849807
4.171875 0.120562486227778
4.1796875 0.120998441414483
4.1875 0.121435276217483
4.1953125 0.121872989423917
4.203125 0.122311579800464
4.2109375 0.1227510460933
4.21875 0.123191387028051
4.2265625 0.123632601309752
4.234375 0.124074687622811
4.2421875 0.124517644630963
4.25 0.124961470977232
4.2578125 0.125406165283894
4.265625 0.125851726152438
4.2734375 0.126298152163529
4.28125 0.126745441876972
4.2890625 0.127193593831677
4.296875 0.127642606545625
4.3046875 0.128092478515832
4.3125 0.12854320821832
4.3203125 0.128994794108084
4.328125 0.129447234619057
4.3359375 0.129900528164088
4.34375 0.130354673134904
4.3515625 0.13080966790209
4.359375 0.131265510815055
4.3671875 0.131722200202011
4.375 0.132179734369942
4.3828125 0.132638111604585
4.390625 0.133097330170403
4.3984375 0.133557388310562
4.40625 0.134018284246914
4.4140625 0.13448001617997
4.421875 0.134942582288883
4.4296875 0.135405980731431
4.4375 0.135870209643996
4.4453125 0.136335267141551
4.453125 0.13680115131764
4.4609375 0.137267860244364
4.46875 0.13773539197237
4.4765625 0.138203744530837
4.484375 0.138672915927462
4.4921875 0.13914290414845
4.5 0.139613707158507
4.5078125 0.140085322900829
4.515625 0.140557749297093
4.5234375 0.141030984247453
4.53125 0.141505025630533
4.5390625 0.141979871303423
4.546875 0.142455519101674
4.5546875 0.142931966839299
4.5625 0.143409212308767
4.5703125 0.143887253281006
4.578125 0.144366087505404
4.5859375 0.144845712709808
4.59375 0.145326126600529
4.6015625 0.145807326862347
4.609375 0.146289311158514
4.6171875 0.146772077130761
4.625 0.147255622399306
4.6328125 0.147739944562861
4.640625 0.148225041198644
4.6484375 0.148710909862388
4.65625 0.149197548088351
4.6640625 0.149684953389336
4.671875 0.150173123256694
4.6796875 0.150662055160351
4.6875 0.151151746548815
4.6953125 0.1516421948492
4.703125 0.15213339746724
4.7109375 0.152625351787313
4.71875 0.153118055172458
4.7265625 0.1536115049644
4.734375 0.154105698483572
4.7421875 0.154600633029141
4.75 0.155096305879032
4.7578125 0.155592714289954
4.765625 0.15608985549743
4.7734375 0.156587726715828
4.78125 0.157086325138385
4.7890625 0.157585647937246
4.796875 0.15808569226349
4.8046875 0.158586455247171
4.8125 0.159087933997346
4.8203125 0.159590125602116
4.828125 0.160093027128662
4.8359375 0.160596635623284
4.84375 0.16110094811144
4.8515625 0.16160596159779
4.859375 0.162111673066235
4.8671875 0.16261807947996
4.875 0.163125177781483
4.8828125 0.163632964892699
4.890625 0.164141437714925
4.8984375 0.16465059312895
4.90625 0.165160427995085
4.9140625 0.165670939153215
4.921875 0.166182123422848
4.9296875 0.166693977603169
4.9375 0.167206498473098
4.9453125 0.16771968279134
4.953125 0.168233527296447
4.9609375 0.168748028706872
4.96875 0.169263183721032
4.9765625 0.169778989017366
4.984375 0.170295441254397
4.9921875 0.170812537070798
5 0.171330273085451
5.0078125 0.171848645897517
5.015625 0.1723676520865
5.0234375 0.172887288212316
5.03125 0.173407550815363
5.0390625 0.173928436416589
5.046875 0.174449941517565
5.0546875 0.174972062600556
5.0625 0.1754947961286
5.0703125 0.176018138545576
5.078125 0.176542086276286
5.0859375 0.177066635726529
5.09375 0.177591783283182
5.1015625 0.17811752531428
5.109375 0.178643858169095
5.1171875 0.179170778178221
5.125 0.179698281653655
5.1328125 0.180226364888885
5.140625 0.180755024158974
5.1484375 0.181284255720645
5.15625 0.181814055812375
5.1640625 0.182344420654479
5.171875 0.182875346449203
5.1796875 0.183406829380818
5.1875 0.183938865615708
5.1953125 0.18447145130247
5.203125 0.185004582572005
5.2109375 0.185538255537618
5.21875 0.186072466295111
5.2265625 0.186607210922887
5.234375 0.187142485482048
5.2421875 0.187678286016497
5.25 0.188214608553038
5.2578125 0.188751449101481
5.265625 0.189288803654748
5.2734375 0.189826668188978
5.28125 0.190365038663631
5.2890625 0.1909039110216
5.296875 0.19144328118932
5.3046875 0.191983145076875
5.3125 0.192523498578112
5.3203125 0.193064337570752
5.328125 0.193605657916505
5.3359375 0.194147455461184
5.34375 0.194689726034822
5.3515625 0.195232465451784
5.359375 0.195775669510893
5.3671875 0.196319333995542
5.375 0.196863454673816
5.3828125 0.197408027298614
5.390625 0.197953047607773
5.3984375 0.198498511324186
5.40625 0.199044414155931
5.4140625 0.199590751796393
5.421875 0.200137519924392
5.4296875 0.200684714204312
5.4375 0.201232330286226
5.4453125 0.201780363806024
5.453125 0.202328810385551
5.4609375 0.202877665632728
5.46875 0.203426925141694
5.4765625 0.203976584492931
5.484375 0.204526639253405
5.4921875 0.205077084976694
5.5 0.205627917203132
5.5078125 0.206179131459941
5.515625 0.206730723261368
5.5234375 0.207282688108829
5.53125 0.207835021491044
5.5390625 0.20838771888418
5.546875 0.208940775751992
5.5546875 0.209494187545965
5.5625 0.210047949705458
5.5703125 0.21060205765785
5.578125 0.211156506818681
5.5859375 0.2117112925918
5.59375 0.212266410369515
5.6015625 0.212821855532734
5.609375 0.213377623451119
5.6171875 0.213933709483232
5.625 0.214490108976689
5.6328125 0.215046817268304
5.640625 0.215603829684248
5.6484375 0.216161141540198
5.65625 0.216718748141488
5.6640625 0.217276644783268
5.671875 0.217834826750655
5.6796875 0.218393289318888
5.6875 0.218952027753486
5.6953125 0.219511037310406
5.703125 0.220070313236197
5.7109375 0.22062985076816
5.71875 0.221189645134508
5.7265625 0.221749691554522
5.734375 0.222309985238717
5.7421875 0.222870521388996
5.75 0.223431295198817
5.7578125 0.223992301853352
5.765625 0.224553536529653
5.7734375 0.225114994396808
5.78125 0.225676670616116
5.7890625 0.226238560341242
5.796875 0.226800658718385
5.8046875 0.227362960886445
5.8125 0.227925461977189
5.8203125 0.228488157115416
5.828125 0.229051041419125
5.8359375 0.229614109999682
5.84375 0.230177357961991
5.8515625 0.230740780404658
5.859375 0.231304372420164
5.8671875 0.231868129095033
5.875 0.232432045510002
5.8828125 0.232996116740192
5.890625 0.23356033785528
5.8984375 0.234124703919665
5.90625 0.234689209992647
5.9140625 0.235253851128595
5.921875 0.235818622377118
5.9296875 0.236383518783243
5.9375 0.236948535387581
5.9453125 0.237513667226507
5.953125 0.238078909332332
5.9609375 0.238644256733473
5.96875 0.239209704454632
5.9765625 0.23977524751697
5.984375 0.240340880938281
5.9921875 0.240906599733166
6 0.24147239891321
6.0078125 0.242038273487157
6.015625 0.242604218461088
6.0234375 0.243170228838593
6.03125 0.243736299620951
6.0390625 0.244302425807302
6.046875 0.244868602394829
6.0546875 0.245434824378931
6.0625 0.246001086753401
6.0703125 0.246567384510603
6.078125 0.247133712641649
6.0859375 0.247700066136575
6.09375 0.24826643998452
6.1015625 0.248832829173902
6.109375 0.249399228692598
6.1171875 0.249965633528117
6.125 0.25053203866778
6.1328125 0.251098439098899
6.140625 0.25166482980895
6.1484375 0.252231205785757
6.15625 0.252797562017661
6.1640625 0.253363893493705
6.171875 0.253930195203808
6.1796875 0.25449646213894
6.1875 0.255062689291305
6.1953125 0.255628871654512
6.203125 0.256195004223757
6.2109375 0.256761081995995
6.21875 0.257327099970121
6.2265625 0.257893053147145
6.234375 0.258458936530367
6.2421875 0.259024745125555
6.25 0.259590473941122
6.2578125 0.260156117988298
6.265625 0.260721672281309
6.2734375 0.261287131837553
6.28125 0.261852491677772
6.2890625 0.262417746826229
6.296875 0.262982892310882
6.3046875 0.263547923163559
6.3125 0.264112834420132
6.3203125 0.264677621120691
6.328125 0.265242278309716
6.3359375 0.265806801036252
6.34375 0.266371184354081
6.3515625 0.266935423321894
6.359375 0.267499513003464
6.3671875 0.268063448467817
6.375 0.268627224789405
6.3828125 0.269190837048274
6.390625 0.269754280330237
6.3984375 0.270317549727043
6.40625 0.270880640336547
6.4140625 0.271443547262877
6.421875 0.272006265616608
6.4296875 0.272568790514925
6.4375 0.273131117081792
6.4453125 0.273693240448122
6.453125 0.274255155751941
6.4609375 0.274816858138552
6.46875 0.275378342760708
6.4765625 0.27593960477877
6.484375 0.276500639360874
6.4921875 0.277061441683096
6.5 0.277622006929615
6.5078125 0.278182330292872
6.515625 0.27874240697374
6.5234375 0.279302232181679
6.53125 0.279861801134897
6.5390625 0.280421109060516
6.546875 0.280980151194725
6.5546875 0.281538922782943
6.5625 0.282097419079975
6.5703125 0.282655635350173
6.578125 0.283213566867588
6.5859375 0.283771208916131
6.59375 0.284328556789724
6.6015625 0.284885605792459
6.609375 0.285442351238748
6.6171875 0.285998788453482
6.625 0.286554912772174
6.6328125 0.287110719541123
6.640625 0.287666204117553
6.6484375 0.288221361869772
6.65625 0.288776188177315
6.6640625 0.289330678431099
6.671875 0.289884828033565
6.6796875 0.290438632398826
6.6875 0.290992086952816
6.6953125 0.291545187133434
6.703125 0.292097928390685
6.7109375 0.292650306186828
6.71875 0.293202315996516
6.7265625 0.293753953306938
6.734375 0.294305213617962
6.7421875 0.294856092442271
6.75 0.295406585305506
6.7578125 0.295956687746399
6.765625 0.296506395316918
6.7734375 0.297055703582394
6.78125 0.297604608121664
6.7890625 0.298153104527201
6.796875 0.298701188405248
6.8046875 0.299248855375951
6.8125 0.299796101073491
6.8203125 0.300342921146213
6.828125 0.300889311256756
6.8359375 0.301435267082182
6.84375 0.301980784314102
6.8515625 0.302525858658804
6.859375 0.303070485837379
6.8671875 0.303614661585841
6.875 0.304158381655255
6.8828125 0.304701641811858
6.890625 0.305244437837179
6.8984375 0.305786765528161
6.90625 0.306328620697278
6.9140625 0.306869999172656
6.921875 0.307410896798184
6.9296875 0.30795130943364
6.9375 0.308491232954794
6.9453125 0.309030663253531
6.953125 0.30956959623796
6.9609375 0.310108027832524
6.96875 0.310645953978113
6.9765625 0.311183370632172
6.984375 0.31172027376881
6.9921875 0.312256659378906
7 0.312792523470216
7.0078125 0.313327862067477
7.015625 0.31386267121251
7.0234375 0.314396946964325
7.03125 0.314930685399219
7.0390625 0.315463882610881
7.046875 0.315996534710484
7.0546875 0.316528637826789
7.0625 0.317060188106241
7.0703125 0.31759118171306
7.078125 0.318121614829341
7.0859375 0.318651483655145
7.09375 0.31918078440859
7.1015625 0.319709513325943
7.109375 0.320237666661709
7.1171875 0.32076524068872
7.125 0.321292231698224
7.1328125 0.321818635999968
7.140625 0.322344449922283
7.1484375 0.322869669812172
7.15625 0.323394292035388
7.1640625 0.323918312976518
7.171875 0.324441729039059
7.1796875 0.324964536645505
7.1875 0.325486732237415
7.1953125 0.326008312275497
7.203125 0.32652927323968
7.2109375 0.327049611629188
7.21875 0.327569323962615
7.2265625 0.328088406777994
7.234375 0.328606856632868
7.2421875 0.329124670104362
7.25 0.329641843789247
7.2578125 0.33015837430401
7.265625 0.330674258284916
7.2734375 0.331189492388078
7.28125 0.331704073289515
7.2890625 0.332217997685216
7.296875 0.332731262291199
7.3046875 0.333243863843574
7.3125 0.333755799098599
7.3203125 0.334267064832736
7.328125 0.334777657842709
7.3359375 0.335287574945557
7.34375 0.335796812978689
7.3515625 0.336305368799935
7.359375 0.336813239287596
7.3671875 0.337320421340496
7.375 0.33782691187803
7.3828125 0.33833270784021
7.390625 0.338837806187712
7.3984375 0.339342203901921
7.40625 0.339845897984974
7.4140625 0.340348885459805
7.421875 0.340851163370181
7.4296875 0.341352728780748
7.4375 0.341853578777066
7.4453125 0.342353710465649
7.453125 0.342853120973998
7.4609375 0.34335180745064
7.46875 0.343849767065162
7.4765625 0.344346997008241
7.484375 0.344843494491678
7.4921875 0.345339256748426
7.5 0.345834281032624
7.5078125 0.346328564619621
7.515625 0.346822104806003
7.5234375 0.347314898909622
7.53125 0.347806944269618
7.5390625 0.348298238246443
7.546875 0.348788778221883
7.5546875 0.349278561599081
7.5625 0.349767585802554
7.5703125 0.350255848278215
7.578125 0.350743346493387
7.5859375 0.351230077936824
7.59375 0.351716040118721
7.6015625 0.352201230570735
7.609375 0.352685646845991
7.6171875 0.353169286519099
7.625 0.353652147186163
7.6328125 0.354134226464791
7.640625 0.354615521994102
7.6484375 0.355096031434737
7.65625 0.355575752468862
7.6640625 0.356054682800176
7.671875 0.356532820153914
7.6796875 0.357010162276847
7.6875 0.357486706937289
7.6953125 0.357962451925098
7.703125 0.358437395051671
7.7109375 0.358911534149945
7.71875 0.359384867074397
7.7265625 0.359857391701038
7.734375 0.36032910592741
7.7421875 0.360800007672578
7.75 0.361270094877128
7.7578125 0.361739365503155
7.765625 0.362207817534256
7.7734375 0.362675448975521
7.78125 0.363142257853522
7.7890625 0.363608242216302
7.796875 0.36407340013336
7.8046875 0.364537729695638
7.8125 0.365001229015509
7.8203125 0.365463896226759
7.828125 0.365925729484569
7.8359375 0.3663867269655
7.84375 0.366846886867473
7.8515625 0.36730620740975
7.859375 0.367764686832913
7.8671875 0.368222323398841
7.875 0.36867911539069
7.8828125 0.369135061112869
7.890625 0.369590158891013
7.8984375 0.370044407071962
7.90625 0.370497804023732
7.9140625 0.370950348135486
7.921875 0.37140203781751
7.9296875 0.371852871501182
7.9375 0.372302847638943
7.9453125 0.372751964704263
7.953125 0.373200221191614
7.9609375 0.373647615616434
7.96875 0.374094146515095
7.9765625 0.374539812444868
7.984375 0.374984611983888
7.9921875 0.375428543731121
8 0.375871606306321
8.0078125 0.376313798349997
8.015625 0.376755118523372
8.0234375 0.377195565508348
8.03125 0.377635138007458
8.0390625 0.378073834743834
8.046875 0.378511654461158
8.0546875 0.378948595923624
8.0625 0.379384657915892
8.0703125 0.379819839243045
8.078125 0.380254138730543
8.0859375 0.38068755522418
8.09375 0.381120087590035
8.1015625 0.381551734714425
8.109375 0.381982495503859
8.1171875 0.382412368884986
8.125 0.38284135380455
8.1328125 0.383269449229335
8.140625 0.38369665414612
8.1484375 0.38412296756162
8.15625 0.384548388502442
8.1640625 0.384972916015024
8.171875 0.38539654916559
8.1796875 0.385819287040087
8.1875 0.386241128744136
8.1953125 0.386662073402975
8.203125 0.387082120161402
8.2109375 0.387501268183718
8.21875 0.38791951665367
8.2265625 0.388336864774393
8.234375 0.388753311768352
8.2421875 0.38916885687728
8.25 0.389583499362119
8.2578125 0.389997238502963
8.265625 0.39041007359899
8.2734375 0.390822003968406
8.28125 0.391233028948381
8.2890625 0.391643147894986
8.296875 0.392052360183126
8.3046875 0.392460665206483
8.3125 0.392868062377446
8.3203125 0.393274551127046
8.328125 0.393680130904895
8.3359375 0.394084801179114
8.34375 0.39448856143627
8.3515625 0.394891411181307
8.359375 0.39529334993748
8.3671875 0.395694377246285
8.375 0.396094492667392
8.3828125 0.396493695778574
8.390625 0.396891986175638
8.3984375 0.397289363472358
8.40625 0.397685827300399
8.4140625 0.398081377309249
8.421875 0.398476013166148
8.4296875 0.398869734556015
8.4375 0.399262541181377
8.4453125 0.399654432762295
8.453125 0.400045409036291
8.4609375 0.400435469758275
8.46875 0.40082461470047
8.4765625 0.401212843652341
8.484375 0.401600156420515
8.4921875 0.40198655282871
8.5 0.40237203271766
8.5078125 0.402756595945036
8.515625 0.40314024238537
8.5234375 0.403522971929983
8.53125 0.403904784486904
8.5390625 0.404285679980793
8.546875 0.404665658352867
8.5546875 0.405044719560816
8.5625 0.405422863578732
8.5703125 0.405800090397027
8.578125 0.406176400022352
8.5859375 0.406551792477524
8.59375 0.406926267801441
8.6015625 0.407299826049005
8.609375 0.407672467291042
8.6171875 0.408044191614224
8.625 0.408414999120984
8.6328125 0.408784889929438
8.640625 0.409153864173307
8.6484375 0.40952192200183
8.65625 0.409889063579688
8.6640625 0.41025528908692
8.671875 0.41062059871884
8.6796875 0.41098499268596
8.6875 0.411348471213903
8.6953125 0.411711034543321
8.703125 0.412072682929816
8.7109375 0.412433416643856
8.71875 0.412793235970688
8.7265625 0.413152141210262
8.734375 0.413510132677143
8.7421875 0.413867210700428
8.75 0.414223375623665
8.7578125 0.414578627804767
8.765625 0.414932967615929
8.7734375 0.415286395443544
8.78125 0.415638911688121
8.7890625 0.415990516764197
8.796875 0.416341211100256
8.8046875 0.416690995138643
8.8125 0.417039869335482
8.8203125 0.417387834160586
8.828125 0.417734890097379
8.8359375 0.418081037642807
8.84375 0.418426277307256
8.8515625 0.418770609614462
8.859375 0.419114035101435
8.8671875 0.419456554318363
8.875 0.419798167828538
8.8828125 0.420138876208263
8.890625 0.42047868004677
8.8984375 0.420817579946134
8.90625 0.421155576521188
8.9140625 0.42149267039944
8.921875 0.421828862220985
8.9296875 0.422164152638419
8.9375 0.422498542316757
8.9453125 0.422832031933345
8.953125 0.423164622177778
8.9609375 0.423496313751809
8.96875 0.423827107369271
8.9765625 0.424157003755987
8.984375 0.424486003649684
8.9921875 0.424814107799913
9 0.425141316967958
9.0078125 0.425467631926755
9.015625 0.425793053460805
9.0234375 0.42611758236609
9.03125 0.426441219449987
9.0390625 0.426763965531184
9.046875 0.427085821439594
9.0546875 0.427406788016273
9.0625 0.42772686611333
9.0703125 0.42804605659385
9.078125 0.428364360331801
9.0859375 0.428681778211955
9.09375 0.428998311129804
9.1015625 0.429313959991473
9.109375 0.429628725713635
9.1171875 0.429942609223431
9.125 0.430255611458382
9.1328125 0.430567733366308
9.140625 0.430878975905244
9.1484375 0.431189340043351
9.15625 0.431498826758843
9.1640625 0.431807437039892
9.171875 0.432115171884555
9.1796875 0.432422032300681
9.1875 0.432728019305836
9.1953125 0.433033133927219
9.203125 0.433337377201573
9.2109375 0.43364075017511
9.21875 0.433943253903424
9.2265625 0.434244889451412
9.234375 0.434545657893188
9.2421875 0.434845560312005
9.25 0.43514459780017
9.2578125 0.435442771458964
9.265625 0.435740082398561
9.2734375 0.436036531737946
9.28125 0.436332120604835
9.2890625 0.43662685013559
9.296875 0.436920721475145
9.3046875 0.437213735776921
9.3125 0.437505894202745
9.3203125 0.437797197922773
9.328125 0.438087648115409
9.3359375 0.438377245967224
9.34375 0.438665992672878
9.3515625 0.43895388943504
9.359375 0.439240937464308
9.3671875 0.439527137979133
9.375 0.439812492205736
9.3828125 0.440097001378035
9.390625 0.440380666737561
9.3984375 0.440663489533386
9.40625 0.440945471022038
9.4140625 0.44122661246743
9.421875 0.441506915140782
9.4296875 0.441786380320538
9.4375 0.442065009292297
9.4453125 0.442342803348731
9.453125 0.44261976378951
9.4609375 0.442895891921227
9.46875 0.443171189057323
9.4765625 0.443445656518008
9.484375 0.443719295630187
9.4921875 0.443992107727388
9.5 0.444264094149682
9.5078125 0.444535256243613
9.515625 0.444805595362121
9.5234375 0.445075112864468
9.53125 0.445343810116167
9.5390625 0.445611688488904
9.546875 0.44587874936047
9.5546875 0.446144994114681
9.5625 0.446410424141315
9.5703125 0.446675040836028
9.578125 0.446938845600294
9.5859375 0.447201839841322
9.59375 0.447464024971993
9.6015625 0.447725402410783
9.609375 0.447985973581695
9.6171875 0.448245739914187
9.625 0.448504702843103
9.6328125 0.448762863808601
9.640625 0.449020224256084
9.6484375 0.449276785636129
9.65625 0.449532549404422
9.6640625 0.449787517021683
9.671875 0.450041689953603
9.6796875 0.45029506967077
9.6875 0.450547657648607
9.6953125 0.450799455367298
9.703125 0.451050464311726
9.7109375 0.451300685971401
9.71875 0.451550121840398
9.7265625 0.451798773417285
9.734375 0.452046642205061
9.7421875 0.452293729711089
9.75 0.452540037447029
9.7578125 0.452785566928773
9.765625 0.453030319676382
9.7734375 0.453274297214017
9.78125 0.45351750106988
9.7890625 0.453759932776145
9.796875 0.454001593868898
9.8046875 0.45424248588807
9.8125 0.454482610377376
9.8203125 0.454721968884253
9.828125 0.454960562959793
9.8359375 0.455198394158688
9.84375 0.45543546403916
9.8515625 0.455671774162906
9.859375 0.455907326095032
9.8671875 0.456142121403996
9.875 0.456376161661544
9.8828125 0.456609448442651
9.890625 0.456841983325463
9.8984375 0.457073767891231
9.90625 0.457304803724262
9.9140625 0.457535092411848
9.921875 0.457764635544216
9.9296875 0.457993434714468
9.9375 0.458221491518519
9.9453125 0.458448807555043
9.953125 0.458675384425416
9.9609375 0.458901223733655
9.96875 0.459126327086364
9.9765625 0.459350696092678
9.984375 0.459574332364206
9.9921875 0.459797237514974
10 0.460019413161373
10.0078125 0.460240860922098
10.015625 0.460461582418099
10.0234375 0.460681579272523
10.03125 0.460900853110663
10.0390625 0.4611194055599
10.046875 0.461337238249651
10.0546875 0.461554352811318
10.0625 0.461770750878233
10.0703125 0.461986434085605
10.078125 0.462201404070469
10.0859375 0.462415662471634
10.09375 0.462629210929631
10.1015625 0.46284205108666
10.109375 0.463054184586543
10.1171875 0.463265613074671
10.125 0.463476338197952
10.1328125 0.463686361604765
10.140625 0.463895684944908
10.1484375 0.464104309869546
10.15625 0.464312238031169
10.1640625 0.464519471083537
10.171875 0.464726010681633
10.1796875 0.464931858481618
10.1875 0.46513701614078
10.1953125 0.465341485317486
10.203125 0.46554526767114
10.2109375 0.465748364862129
10.21875 0.465950778551782
10.2265625 0.466152510402324
10.234375 0.466353562076825
10.2421875 0.46655393523916
10.25 0.466753631553962
10.2578125 0.466952652686574
10.265625 0.467151000303011
10.2734375 0.46734867606991
10.28125 0.467545681654489
10.2890625 0.4677420187245
10.296875 0.467937688948193
10.3046875 0.468132693994263
10.3125 0.468327035531818
10.3203125 0.468520715230326
10.328125 0.468713734759582
10.3359375 0.468906095789661
10.34375 0.469097799990879
10.3515625 0.469288849033749
10.359375 0.469479244588945
10.3671875 0.469668988327257
10.375 0.469858081919552
10.3828125 0.470046527036736
10.390625 0.470234325349713
10.3984375 0.470421478529344
10.40625 0.470607988246413
10.4140625 0.470793856171582
10.421875 0.470979083975358
10.4296875 0.471163673328051
10.4375 0.471347625899741
10.4453125 0.471530943360233
10.453125 0.471713627379029
10.4609375 0.471895679625284
10.46875 0.472077101767772
10.4765625 0.47225789547485
10.484375 0.472438062414424
10.4921875 0.472617604253907
10.5 0.472796522660191
10.5078125 0.472974819299606
10.515625 0.473152495837891
10.5234375 0.473329553940154
10.53125 0.473505995270841
10.5390625 0.473681821493699
10.546875 0.473857034271748
10.5546875 0.474031635267242
10.5625 0.474205626141639
10.5703125 0.474379008555567
10.578125 0.474551784168791
10.5859375 0.474723954640183
10.59375 0.474895521627688
10.6015625 0.475066486788293
10.609375 0.475236851777995
10.6171875 0.475406618251773
10.625 0.475575787863552
10.6328125 0.475744362266176
10.640625 0.475912343111378
10.6484375 0.476079732049748
10.65625 0.476246530730704
10.6640625 0.476412740802464
10.671875 0.476578363912014
10.6796875 0.476743401705082
10.6875 0.476907855826107
10.6953125 0.477071727918213
10.703125 0.477235019623179
10.7109375 0.477397732581412
10.71875 0.477559868431918
10.7265625 0.477721428812278
10.734375 0.477882415358618
10.7421875 0.478042829705582
10.75 0.478202673486307
10.7578125 0.478361948332399
10.765625 0.4785206558739
10.7734375 0.47867879773927
10.78125 0.478836375555356
10.7890625 0.47899339094737
10.796875 0.479149845538863
10.8046875 0.479305740951698
10.8125 0.479461078806031
10.8203125 0.479615860720281
10.828125 0.479770088311108
10.8359375 0.479923763193393
10.84375 0.480076886980207
10.8515625 0.480229461282795
10.859375 0.480381487710549
10.8671875 0.480532967870985
10.875 0.480683903369725
10.8828125 0.480834295810467
10.890625 0.48098414679497
10.8984375 0.48113345792303
10.90625 0.481282230792456
10.9140625 0.481430466999054
10.921875 0.481578168136598
10.9296875 0.481725335796818
10.9375 0.481871971569372
10.9453125 0.482018077041831
10.953125 0.482163653799654
10.9609375 0.482308703426175
10.96875 0.482453227502573
10.9765625 0.482597227607863
10.984375 0.482740705318871
10.9921875 0.482883662210215
11 0.483026099854287
11.0078125 0.483168019821238
11.015625 0.483309423678952
11.0234375 0.483450312993034
11.03125 0.483590689326792
11.0390625 0.483730554241215
11.046875 0.483869909294959
11.0546875 0.484008756044328
11.0625 0.484147096043259
11.0703125 0.484284930843301
11.078125 0.484422261993605
11.0859375 0.484559091040901
11.09375 0.484695419529485
11.1015625 0.484831249001202
11.109375 0.48496658099543
11.1171875 0.485101417049067
11.125 0.485235758696512
11.1328125 0.48536960746965
11.140625 0.485502964897841
11.1484375 0.4856358325079
11.15625 0.485768211824086
11.1640625 0.485900104368087
11.171875 0.486031511659002
11.1796875 0.486162435213334
11.1875 0.486292876544969
11.1953125 0.486422837165168
11.203125 0.486552318582549
11.2109375 0.486681322303077
11.21875 0.48680984983005
11.2265625 0.486937902664084
11.234375 0.487065482303105
11.2421875 0.487192590242331
11.25 0.487319227974264
11.2578125 0.487445396988675
11.265625 0.487571098772592
11.2734375 0.487696334810293
11.28125 0.487821106583287
11.2890625 0.487945415570308
11.296875 0.488069263247301
11.3046875 0.488192651087413
11.3125 0.488315580560981
11.3203125 0.488438053135519
11.328125 0.488560070275713
11.3359375 0.488681633443404
11.34375 0.488802744097583
11.3515625 0.488923403694379
11.359375 0.489043613687048
11.3671875 0.489163375525965
11.375 0.489282690658614
11.3828125 0.489401560529577
11.390625 0.489519986580528
11.3984375 0.489637970250221
11.40625 0.489755512974482
11.4140625 0.4898726161862
11.421875 0.489989281315321
11.4296875 0.490105509788835
11.4375 0.49022130303077
11.4453125 0.490336662462186
11.453125 0.490451589501164
11.4609375 0.490566085562798
11.46875 0.490680152059189
11.4765625 0.490793790399439
11.484375 0.490907001989638
11.4921875 0.491019788232863
11.5 0.491132150529167
11.5078125 0.491244090275576
11.515625 0.491355608866074
11.5234375 0.491466707691608
11.53125 0.491577388140072
11.5390625 0.491687651596305
11.546875 0.491797499442084
11.5546875 0.491906933056116
11.5625 0.492015953814038
11.5703125 0.492124563088402
11.578125 0.492232762248678
11.5859375 0.492340552661244
11.59375 0.49244793568938
11.6015625 0.492554912693267
11.609375 0.492661485029976
11.6171875 0.492767654053469
11.625 0.492873421114589
11.6328125 0.492978787561059
11.640625 0.493083754737475
11.6484375 0.493188323985302
11.65625 0.493292496642872
11.6640625 0.493396274045376
11.671875 0.493499657524863
11.6796875 0.493602648410234
11.6875 0.493705248027238
11.6953125 0.493807457698471
11.703125 0.49390927874337
11.7109375 0.49401071247821
11.71875 0.4941117602161
11.7265625 0.494212423266981
11.734375 0.494312702937622
11.7421875 0.494412600531619
11.75 0.494512117349386
11.7578125 0.494611254688162
11.765625 0.494710013841999
11.7734375 0.494808396101765
11.78125 0.494906402755139
11.7890625 0.495004035086609
11.796875 0.495101294377472
11.8046875 0.495198181905828
11.8125 0.495294698946582
11.8203125 0.495390846771438
11.828125 0.495486626648902
11.8359375 0.495582039844274
11.84375 0.495677087619653
11.8515625 0.495771771233931
11.859375 0.495866091942793
11.8671875 0.495960050998717
11.875 0.496053649650969
11.8828125 0.496146889145607
11.890625 0.496239770725477
11.8984375 0.49633229563021
11.90625 0.496424465096227
11.9140625 0.496516280356732
11.921875 0.496607742641716
11.9296875 0.496698853177955
11.9375 0.496789613189008
11.9453125 0.496880023895218
11.953125 0.496970086513714
11.9609375 0.497059802258405
11.96875 0.497149172339985
11.9765625 0.497238197965933
11.984375 0.49732688034051
11.9921875 0.49741522066476
12 0.497503220136513
12.0078125 0.497590879950381
12.015625 0.497678201297762
12.0234375 0.497765185366839
12.03125 0.497851833342582
12.0390625 0.497938146406746
12.046875 0.498024125737874
12.0546875 0.498109772511297
12.0625 0.498195087899136
12.0703125 0.4982800730703
12.078125 0.498364729190491
12.0859375 0.498449057422203
12.09375 0.498533058924723
12.1015625 0.498616734854134
12.109375 0.498700086363315
12.1171875 0.49878311460194
12.125 0.498865820716487
12.1328125 0.498948205850231
12.140625 0.499030271143252
12.1484375 0.499112017732432
12.15625 0.499193446751461
12.1640625 0.499274559330837
12.171875 0.499355356597866
12.1796875 0.499435839676669
12.1875 0.499516009688178
12.1953125 0.499595867750144
12.203125 0.499675414977134
12.2109375 0.499754652480538
12.21875 0.499833581368566
12.2265625 0.499912202746258
12.234375 0.499990517715479
12.2421875 0.500068527374925
12.25 0.500146232820124
12.2578125 0.500223635143444
12.265625 0.500300735434087
12.2734375 0.500377534778099
12.28125 0.500454034258369
12.2890625 0.500530234954634
12.296875 0.50060613794348
12.3046875 0.500681744298348
12.3125 0.500757055089534
12.3203125 0.500832071384193
12.328125 0.500906794246343
12.3359375 0.500981224736869
12.34375 0.501055363913522
12.3515625 0.501129212830929
12.359375 0.501202772540591
12.3671875 0.501276044090889
12.375 0.501349028527085
12.3828125 0.50142172689133
12.390625 0.501494140222664
12.3984375 0.501566269557021
12.40625 0.501638115927231
12.4140625 0.501709680363026
12.421875 0.501780963891045
12.4296875 0.501851967534833
12.4375 0.501922692314848
12.4453125 0.501993139248467
12.453125 0.502063309349985
12.4609375 0.502133203630624
12.46875 0.502202823098533
12.4765625 0.502272168758794
12.484375 0.502341241613429
12.4921875 0.502410042661398
12.5 0.502478572898607
12.5078125 0.502546833317914
12.515625 0.50261482490913
12.5234375 0.502682548659025
12.53125 0.50275000555133
12.5390625 0.502817196566747
12.546875 0.502884122682947
12.5546875 0.502950784874581
12.5625 0.503017184113277
12.5703125 0.503083321367652
12.578125 0.503149197603313
12.5859375 0.503214813782859
12.59375 0.503280170865894
12.6015625 0.503345269809023
12.609375 0.503410111565861
12.6171875 0.503474697087039
12.625 0.503539027320205
12.6328125 0.503603103210031
12.640625 0.50366692569822
12.6484375 0.503730495723508
12.65625 0.503793814221669
12.6640625 0.503856882125523
12.671875 0.503919700364937
12.6796875 0.503982269866832
12.6875 0.504044591555191
12.6953125 0.504106666351058
12.703125 0.50416849517255
12.7109375 0.504230078934855
12.71875 0.504291418550245
12.7265625 0.504352514928075
12.734375 0.504413368974791
12.7421875 0.504473981593935
12.75 0.50453435368615
12.7578125 0.504594486149186
12.765625 0.504654379877907
12.7734375 0.50471403576429
12.78125 0.50477345469744
12.7890625 0.504832637563587
12.796875 0.504891585246097
12.8046875 0.504950298625474
12.8125 0.505008778579368
12.8203125 0.505067025982579
12.828125 0.505125041707065
12.8359375 0.505182826621942
12.84375 0.505240381593498
12.8515625 0.505297707485191
12.859375 0.50535480515766
12.8671875 0.505411675468726
12.875 0.505468319273404
12.8828125 0.5055247374239
12.890625 0.505580930769628
12.8984375 0.505636900157203
12.90625 0.505692646430458
12.9140625 0.505748170430444
12.921875 0.505803472995437
12.9296875 0.505858554960944
12.9375 0.505913417159707
12.9453125 0.505968060421713
12.953125 0.506022485574198
12.9609375 0.50607669344165
12.96875 0.506130684845819
12.9765625 0.506184460605722
12.984375 0.506238021537647
12.9921875 0.506291368455162
13 0.506344502169117
13.0078125 0.506397423487655
13.015625 0.506450133216213
13.0234375 0.506502632157534
13.03125 0.506554921111665
13.0390625 0.506607000875971
13.046875 0.506658872245138
13.0546875 0.506710536011175
13.0625 0.506761992963428
13.0703125 0.506813243888581
13.078125 0.506864289570661
13.0859375 0.50691513079105
13.09375 0.506965768328484
13.1015625 0.507016202959064
13.109375 0.507066435456262
13.1171875 0.507116466590924
13.125 0.507166297131281
13.1328125 0.507215927842949
13.140625 0.50726535948894
13.1484375 0.507314592829669
13.15625 0.507363628622955
13.1640625 0.507412467624031
13.171875 0.507461110585552
13.1796875 0.507509558257596
13.1875 0.507557811387674
13.1953125 0.507605870720736
13.203125 0.507653736999176
13.2109375 0.50770141096284
13.21875 0.50774889334903
13.2265625 0.507796184892511
13.234375 0.507843286325521
13.2421875 0.507890198377771
13.25 0.507936921776455
13.2578125 0.507983457246258
13.265625 0.508029805509357
13.2734375 0.508075967285434
13.28125 0.508121943291675
13.2890625 0.508167734242783
13.296875 0.50821334085098
13.3046875 0.508258763826017
13.3125 0.508304003875175
13.3203125 0.508349061703277
13.328125 0.508393938012691
13.3359375 0.508438633503338
13.34375 0.508483148872696
13.3515625 0.508527484815811
13.359375 0.508571642025297
13.3671875 0.508615621191349
13.375 0.508659423001743
13.3828125 0.508703048141848
13.390625 0.508746497294629
13.3984375 0.508789771140654
13.40625 0.508832870358102
13.4140625 0.508875795622766
13.421875 0.508918547608063
13.4296875 0.508961126985038
13.4375 0.509003534422372
13.4453125 0.509045770586386
13.453125 0.509087836141053
13.4609375 0.509129731747994
13.46875 0.509171458066497
13.4765625 0.509213015753514
13.484375 0.509254405463669
13.4921875 0.50929562784927
13.5 0.509336683560308
13.5078125 0.509377573244469
13.515625 0.509418297547135
13.5234375 0.509458857111396
13.53125 0.509499252578053
13.5390625 0.509539484585625
13.546875 0.509579553770356
13.5546875 0.50961946076622
13.5625 0.50965920620493
13.5703125 0.50969879071594
13.578125 0.509738214926455
13.5859375 0.509777479461438
13.59375 0.509816584943613
13.6015625 0.509855531993473
13.609375 0.509894321229288
13.6171875 0.509932953267106
13.625 0.509971428720768
13.6328125 0.510009748201906
13.640625 0.510047912319953
13.6484375 0.510085921682151
13.65625 0.510123776893552
13.6640625 0.510161478557032
13.671875 0.51019902727329
13.6796875 0.510236423640857
13.6875 0.510273668256105
13.6953125 0.510310761713249
13.703125 0.510347704604355
13.7109375 0.510384497519349
13.71875 0.510421141046017
13.7265625 0.510457635770018
13.734375 0.510493982274886
13.7421875 0.510530181142038
13.75 0.51056623295078
13.7578125 0.510602138278313
13.765625 0.510637897699738
13.7734375 0.510673511788066
13.78125 0.510708981114219
13.7890625 0.510744306247042
13.796875 0.510779487753305
13.8046875 0.510814526197709
13.8125 0.510849422142895
13.8203125 0.51088417614945
13.828125 0.51091878877591
13.8359375 0.510953260578769
13.84375 0.510987592112485
13.8515625 0.511021783929485
13.859375 0.511055836580172
13.8671875 0.51108975061293
13.875 0.511123526574133
13.8828125 0.511157165008147
13.890625 0.511190666457341
13.8984375 0.511224031462087
13.90625 0.511257260560772
13.9140625 0.511290354289802
13.921875 0.511323313183606
13.9296875 0.511356137774644
13.9375 0.511388828593416
13.9453125 0.511421386168461
13.953125 0.511453811026369
13.9609375 0.511486103691785
13.96875 0.511518264687415
13.9765625 0.511550294534033
13.984375 0.511582193750484
13.9921875 0.511613962853696
14 0.511645602358679
14.0078125 0.511677112778536
14.015625 0.511708494624466
14.0234375 0.511739748405772
14.03125 0.511770874629867
14.0390625 0.511801873802278
14.046875 0.511832746426653
14.0546875 0.511863493004769
14.0625 0.511894114036533
14.0703125 0.511924610019994
14.078125 0.511954981451343
14.0859375 0.511985228824925
14.09375 0.512015352633238
14.1015625 0.512045353366947
14.109375 0.51207523151488
14.1171875 0.512104987564044
14.125 0.512134621999624
14.1328125 0.512164135304991
14.140625 0.512193527961708
14.1484375 0.512222800449536
14.15625 0.512251953246439
14.1640625 0.51228098682859
14.171875 0.512309901670378
14.1796875 0.512338698244412
14.1875 0.512367377021528
14.1953125 0.512395938470794
14.203125 0.512424383059515
14.2109375 0.512452711253243
14.21875 0.512480923515776
14.2265625 0.51250902030917
14.234375 0.51253700209374
14.2421875 0.512564869328068
14.25 0.51259262246901
14.2578125 0.512620261971697
14.265625 0.512647788289547
14.2734375 0.512675201874265
14.28125 0.512702503175851
14.2890625 0.512729692642606
14.296875 0.512756770721138
14.3046875 0.512783737856366
14.3125 0.512810594491525
14.3203125 0.512837341068176
14.328125 0.512863978026206
14.3359375 0.512890505803837
14.34375 0.512916924837629
14.3515625 0.51294323556249
14.359375 0.512969438411676
14.3671875 0.512995533816801
14.375 0.513021522207839
14.3828125 0.513047404013132
14.390625 0.513073179659395
14.3984375 0.513098849571719
14.40625 0.513124414173582
14.4140625 0.513149873886847
14.421875 0.513175229131774
14.4296875 0.513200480327021
14.4375 0.513225627889654
14.4453125 0.513250672235145
14.453125 0.513275613777385
14.4609375 0.513300452928687
14.46875 0.513325190099787
14.4765625 0.513349825699856
14.484375 0.513374360136502
14.4921875 0.513398793815775
14.5 0.513423127142171
14.5078125 0.513447360518642
14.515625 0.513471494346597
14.5234375 0.513495529025909
14.53125 0.51351946495492
14.5390625 0.513543302530446
14.546875 0.513567042147782
14.5546875 0.513590684200708
14.5625 0.513614229081493
14.5703125 0.513637677180904
14.578125 0.513661028888203
14.5859375 0.513684284591162
14.59375 0.51370744467606
14.6015625 0.513730509527695
14.609375 0.513753479529382
14.6171875 0.513776355062965
14.625 0.513799136508817
14.6328125 0.513821824245847
14.640625 0.513844418651506
14.6484375 0.513866920101791
14.65625 0.51388932897125
14.6640625 0.513911645632987
14.671875 0.513933870458666
14.6796875 0.513956003818521
14.6875 0.513978046081352
14.6953125 0.513999997614539
14.703125 0.514021858784043
14.7109375 0.514043629954409
14.71875 0.514065311488775
14.7265625 0.514086903748874
14.734375 0.51410840709504
14.7421875 0.514129821886213
14.75 0.514151148479944
14.7578125 0.5141723872324
14.765625 0.514193538498366
14.7734375 0.514214602631255
14.78125 0.51423557998311
14.7890625 0.514256470904607
14.796875 0.514277275745063
14.8046875 0.51429799485244
14.8125 0.514318628573349
14.8203125 0.514339177253055
14.828125 0.514359641235482
14.8359375 0.514380020863217
14.84375 0.514400316477517
14.8515625 0.514420528418311
14.859375 0.514440657024206
14.8671875 0.514460702632492
14.875 0.514480665579145
14.8828125 0.514500546198833
14.890625 0.514520344824923
14.8984375 0.514540061789481
14.90625 0.514559697423279
14.9140625 0.514579252055799
14.921875 0.51459872601524
14.9296875 0.514618119628519
14.9375 0.514637433221277
14.9453125 0.514656667117885
14.953125 0.514675821641447
14.9609375 0.514694897113805
14.96875 0.514713893855543
14.9765625 0.514732812185991
14.984375 0.514751652423234
14.9921875 0.514770414884108
15 0.514789099884214
15.0078125 0.514807707737914
15.015625 0.514826238758343
15.0234375 0.514844693257408
15.03125 0.514863071545792
15.0390625 0.514881373932965
15.046875 0.514899600727182
15.0546875 0.514917752235488
15.0625 0.514935828763726
15.0703125 0.514953830616538
15.078125 0.514971758097371
15.0859375 0.51498961150848
15.09375 0.515007391150935
15.1015625 0.515025097324621
15.109375 0.515042730328248
15.1171875 0.515060290459348
15.125 0.515077778014288
15.1328125 0.515095193288265
15.140625 0.515112536575318
15.1484375 0.515129808168328
15.15625 0.515147008359024
15.1640625 0.515164137437985
15.171875 0.515181195694648
15.1796875 0.515198183417307
15.1875 0.515215100893124
15.1953125 0.515231948408125
15.203125 0.515248726247212
15.2109375 0.515265434694161
15.21875 0.515282074031629
15.2265625 0.51529864454116
15.234375 0.515315146503185
15.2421875 0.515331580197028
15.25 0.515347945900909
15.2578125 0.515364243891953
15.265625 0.515380474446185
15.2734375 0.515396637838543
15.28125 0.515412734342877
15.2890625 0.515428764231953
15.296875 0.515444727777461
15.3046875 0.515460625250013
15.3125 0.515476456919153
15.3203125 0.515492223053356
15.328125 0.515507923920035
15.3359375 0.515523559785544
15.34375 0.515539130915181
15.3515625 0.515554637573196
15.359375 0.515570080022787
15.3671875 0.515585458526113
15.375 0.515600773344291
15.3828125 0.515616024737403
15.390625 0.515631212964498
15.3984375 0.515646338283601
15.40625 0.515661400951708
15.4140625 0.515676401224798
15.421875 0.515691339357832
15.4296875 0.515706215604759
15.4375 0.515721030218519
15.4453125 0.515735783451047
15.453125 0.515750475553276
15.4609375 0.515765106775142
15.46875 0.515779677365586
15.4765625 0.51579418757256
15.484375 0.51580863764303
15.4921875 0.515823027822977
15.5 0.515837358357405
15.5078125 0.515851629490341
15.515625 0.515865841464842
15.5234375 0.515879994522995
15.53125 0.515894088905924
15.5390625 0.515908124853791
15.546875 0.515922102605801
15.5546875 0.515936022400206
15.5625 0.515949884474307
15.5703125 0.51596368906446
15.578125 0.515977436406076
15.5859375 0.515991126733628
15.59375 0.516004760280653
15.6015625 0.516018337279756
15.609375 0.516031857962611
15.6171875 0.51604532255997
15.625 0.516058731301662
15.6328125 0.516072084416596
15.640625 0.516085382132768
15.6484375 0.516098624677263
15.65625 0.516111812276256
15.6640625 0.51612494515502
15.671875 0.516138023537925
15.6796875 0.516151047648445
15.6875 0.516164017709158
15.6953125 0.516176933941752
15.703125 0.516189796567028
15.7109375 0.516202605804902
15.71875 0.516215361874411
15.7265625 0.516228064993712
15.734375 0.51624071538009
15.7421875 0.516253313249959
15.75 0.516265858818864
15.7578125 0.516278352301489
15.765625 0.516290793911654
15.7734375 0.516303183862323
15.78125 0.516315522365606
15.7890625 0.516327809632761
15.796875 0.5163400458742
15.8046875 0.516352231299488
15.8125 0.51636436611735
15.8203125 0.516376450535673
15.828125 0.516388484761511
15.8359375 0.516400469001082
15.84375 0.516412403459779
15.8515625 0.516424288342168
15.859375 0.516436123851994
15.8671875 0.516447910192182
15.875 0.516459647564842
15.8828125 0.516471336171271
15.890625 0.516482976211956
15.8984375 0.516494567886577
15.90625 0.516506111394012
15.9140625 0.516517606932337
15.921875 0.516529054698833
15.9296875 0.516540454889984
15.9375 0.516551807701486
15.9453125 0.516563113328244
15.953125 0.516574371964379
15.9609375 0.516585583803231
15.96875 0.51659674903736
15.9765625 0.516607867858549
15.984375 0.516618940457809
15.9921875 0.516629967025383
16 0.516640947750742
16.0078125 0.516651882822598
16.015625 0.516662772428899
16.0234375 0.516673616756835
16.03125 0.51668441599284
16.0390625 0.516695170322598
16.046875 0.516705879931042
16.0546875 0.516716545002359
16.0625 0.51672716571999
16.0703125 0.516737742266639
16.078125 0.516748274824269
16.0859375 0.516758763574109
16.09375 0.516769208696656
16.1015625 0.516779610371677
16.109375 0.516789968778213
16.1171875 0.516800284094582
16.125 0.516810556498378
16.1328125 0.516820786166481
16.140625 0.516830973275053
16.1484375 0.516841117999542
16.15625 0.516851220514691
16.1640625 0.516861280994532
16.171875 0.516871299612393
16.1796875 0.516881276540902
16.1875 0.516891211951987
16.1953125 0.516901106016881
16.203125 0.516910958906122
16.2109375 0.516920770789558
16.21875 0.51693054183635
16.2265625 0.516940272214973
16.234375 0.516949962093218
16.2421875 0.516959611638198
16.25 0.516969221016348
16.2578125 0.516978790393427
16.265625 0.516988319934524
16.2734375 0.516997809804057
16.28125 0.517007260165778
16.2890625 0.517016671182775
16.296875 0.517026043017473
16.3046875 0.517035375831639
16.3125 0.517044669786384
16.3203125 0.517053925042165
16.328125 0.517063141758786
16.3359375 0.517072320095404
16.34375 0.517081460210529
16.3515625 0.517090562262027
16.359375 0.517099626407124
16.3671875 0.517108652802407
16.375 0.517117641603825
16.3828125 0.517126592966695
16.390625 0.517135507045704
16.3984375 0.517144383994908
16.40625 0.517153223967737
16.4140625 0.517162027116998
16.421875 0.517170793594877
16.4296875 0.517179523552941
16.4375 0.517188217142139
16.4453125 0.517196874512808
16.453125 0.517205495814672
16.4609375 0.517214081196846
16.46875 0.517222630807839
16.4765625 0.517231144795555
16.484375 0.517239623307295
16.4921875 0.517248066489763
16.5 0.517256474489063
16.5078125 0.517264847450705
16.515625 0.517273185519607
16.5234375 0.517281488840095
16.53125 0.51728975755591
16.5390625 0.517297991810203
16.546875 0.517306191745546
16.5546875 0.517314357503929
16.5625 0.51732248922676
16.5703125 0.517330587054875
16.578125 0.517338651128533
16.5859375 0.517346681587423
16.59375 0.517354678570662
16.6015625 0.517362642216802
16.609375 0.517370572663829
16.6171875 0.517378470049165
16.625 0.517386334509673
16.6328125 0.517394166181657
16.640625 0.517401965200863
16.6484375 0.517409731702487
16.65625 0.51741746582117
16.6640625 0.517425167691003
16.671875 0.517432837445531
16.6796875 0.517440475217753
16.6875 0.517448081140127
16.6953125 0.517455655344566
16.703125 0.517463197962447
16.7109375 0.51747070912461
16.71875 0.517478188961359
16.7265625 0.517485637602468
16.734375 0.517493055177177
16.7421875 0.517500441814203
16.75 0.517507797641731
16.7578125 0.517515122787427
16.765625 0.517522417378431
16.7734375 0.517529681541366
16.78125 0.517536915402336
16.7890625 0.51754411908693
16.796875 0.517551292720221
16.8046875 0.517558436426773
16.8125 0.517565550330639
16.8203125 0.517572634555366
16.828125 0.517579689223992
16.8359375 0.517586714459056
16.84375 0.517593710382591
16.8515625 0.517600677116134
16.859375 0.517607614780723
16.8671875 0.517614523496899
16.875 0.517621403384712
16.8828125 0.517628254563718
16.890625 0.517635077152986
16.8984375 0.517641871271094
16.90625 0.517648637036137
16.9140625 0.517655374565725
16.921875 0.517662083976987
16.9296875 0.51766876538657
16.9375 0.517675418910644
16.9453125 0.517682044664904
16.953125 0.517688642764569
16.9609375 0.517695213324388
16.96875 0.517701756458636
16.9765625 0.517708272281122
16.984375 0.517714760905189
16.9921875 0.517721222443712
17 0.517727657009105
17.0078125 0.517734064713322
17.015625 0.517740445667856
17.0234375 0.517746799983743
17.03125 0.517753127771562
17.0390625 0.517759429141442
17.046875 0.517765704203056
17.0546875 0.51777195306563
17.0625 0.517778175837938
17.0703125 0.517784372628311
17.078125 0.517790543544634
17.0859375 0.517796688694348
17.09375 0.517802808184454
17.1015625 0.517808902121514
17.109375 0.517814970611651
17.1171875 0.517821013760552
17.125 0.517827031673472
17.1328125 0.51783302445523
17.140625 0.517838992210219
17.1484375 0.517844935042398
17.15625 0.517850853055303
17.1640625 0.517856746352041
17.171875 0.517862615035299
17.1796875 0.517868459207338
17.1875 0.517874278970002
17.1953125 0.517880074424713
17.203125 0.51788584567248
17.2109375 0.517891592813892
17.21875 0.517897315949127
17.2265625 0.517903015177952
17.234375 0.517908690599722
17.2421875 0.517914342313383
17.25 0.517919970417475
17.2578125 0.517925575010132
17.265625 0.517931156189084
17.2734375 0.517936714051661
17.28125 0.517942248694788
17.2890625 0.517947760214995
17.296875 0.517953248708414
17.3046875 0.517958714270781
17.3125 0.517964156997436
17.3203125 0.51796957698333
17.328125 0.51797497432302
17.3359375 0.517980349110675
17.34375 0.517985701440077
17.3515625 0.51799103140462
17.359375 0.517996339097313
17.3671875 0.518001624610785
17.375 0.518006888037281
17.3828125 0.518012129468666
17.390625 0.518017348996428
17.3984375 0.518022546711675
17.40625 0.518027722705144
17.4140625 0.518032877067193
17.421875 0.518038009887813
17.4296875 0.518043121256619
17.4375 0.51804821126286
17.4453125 0.518053279995417
17.453125 0.518058327542802
17.4609375 0.518063353993164
17.46875 0.518068359434289
17.4765625 0.518073343953599
17.484375 0.518078307638158
17.4921875 0.518083250574669
17.5 0.518088172849479
17.5078125 0.518093074548576
17.515625 0.518097955757596
17.5234375 0.518102816561821
17.53125 0.518107657046182
17.5390625 0.518112477295256
17.546875 0.518117277393277
17.5546875 0.518122057424125
17.5625 0.518126817471338
17.5703125 0.518131557618108
17.578125 0.518136277947284
17.5859375 0.518140978541372
17.59375 0.518145659482538
17.6015625 0.51815032085261
17.609375 0.518154962733075
17.6171875 0.518159585205088
17.625 0.518164188349464
17.6328125 0.518168772246688
17.640625 0.518173336976912
17.6484375 0.518177882619954
17.65625 0.518182409255306
17.6640625 0.51818691696213
17.671875 0.518191405819262
17.6796875 0.51819587590521
17.6875 0.518200327298159
17.6953125 0.518204760075973
17.703125 0.51820917431619
17.7109375 0.518213570096031
17.71875 0.518217947492397
17.7265625 0.51822230658187
17.734375 0.518226647440718
17.7421875 0.51823097014489
17.75 0.518235274770024
17.7578125 0.518239561391444
17.765625 0.518243830084165
17.7734375 0.518248080922887
17.78125 0.518252313982006
17.7890625 0.518256529335608
17.796875 0.518260727057473
17.8046875 0.518264907221075
17.8125 0.518269069899585
17.8203125 0.518273215165873
17.828125 0.518277343092504
17.8359375 0.518281453751745
17.84375 0.518285547215565
17.8515625 0.518289623555632
17.859375 0.518293682843321
17.8671875 0.518297725149709
17.875 0.518301750545581
17.8828125 0.518305759101427
17.890625 0.518309750887447
17.8984375 0.51831372597355
17.90625 0.518317684429355
17.9140625 0.518321626324193
17.921875 0.518325551727108
17.9296875 0.518329460706859
17.9375 0.51833335333192
17.9453125 0.518337229670481
17.953125 0.51834108979045
17.9609375 0.518344933759453
17.96875 0.518348761644837
17.9765625 0.51835257351367
17.984375 0.518356369432742
17.9921875 0.518360149468567
18 0.518363913687381
18.0078125 0.518367662155149
18.015625 0.518371394937561
18.0234375 0.518375112100035
18.03125 0.518378813707718
18.0390625 0.518382499825488
18.046875 0.518386170517952
18.0546875 0.518389825849451
18.0625 0.51839346588406
18.0703125 0.518397090685587
18.078125 0.518400700317576
18.0859375 0.518404294843307
18.09375 0.518407874325799
18.1015625 0.51841143882781
18.109375 0.518414988411836
18.1171875 0.518418523140115
18.125 0.518422043074628
18.1328125 0.518425548277097
18.140625 0.51842903880899
18.1484375 0.518432514731518
18.15625 0.51843597610564
18.1640625 0.518439422992062
18.171875 0.518442855451238
18.1796875 0.518446273543371
18.1875 0.518449677328414
18.1953125 0.518453066866072
18.203125 0.518456442215802
18.2109375 0.518459803436816
18.21875 0.518463150588077
18.2265625 0.518466483728307
18.234375 0.518469802915981
18.2421875 0.518473108209335
18.25 0.51847639966636
18.2578125 0.518479677344808
18.265625 0.518482941302192
18.2734375 0.518486191595785
18.28125 0.518489428282623
18.2890625 0.518492651419505
18.296875 0.518495861062995
18.3046875 0.518499057269421
18.3125 0.518502240094878
18.3203125 0.518505409595228
18.328125 0.518508565826102
18.3359375 0.518511708842897
18.34375 0.518514838700785
18.3515625 0.518517955454704
18.359375 0.518521059159367
18.3671875 0.518524149869259
18.375 0.518527227638637
18.3828125 0.518530292521537
18.390625 0.518533344571766
18.3984375 0.51853638384291
18.40625 0.518539410388332
18.4140625 0.518542424261173
18.421875 0.518545425514354
18.4296875 0.518548414200576
18.4375 0.51855139037232
18.4453125 0.518554354081851
18.453125 0.518557305381214
18.4609375 0.518560244322241
18.46875 0.518563170956547
18.4765625 0.518566085335532
18.484375 0.518568987510384
18.4921875 0.518571877532077
18.5 0.518574755451374
18.5078125 0.518577621318826
18.515625 0.518580475184775
18.5234375 0.518583317099354
18.53125 0.518586147112486
18.5390625 0.518588965273889
18.546875 0.518591771633072
18.5546875 0.518594566239339
18.5625 0.518597349141789
18.5703125 0.518600120389318
18.578125 0.518602880030617
18.5859375 0.518605628114177
18.59375 0.518608364688283
18.6015625 0.518611089801025
18.609375 0.518613803500289
18.6171875 0.518616505833762
18.625 0.518619196848935
18.6328125 0.5186218765931
18.640625 0.518624545113352
18.6484375 0.518627202456591
18.65625 0.518629848669523
18.6640625 0.518632483798656
18.671875 0.518635107890309
18.6796875 0.518637720990606
18.6875 0.518640323145478
18.6953125 0.518642914400669
18.703125 0.518645494801728
18.7109375 0.518648064394018
18.71875 0.518650623222711
18.7265625 0.518653171332793
18.734375 0.518655708769061
18.7421875 0.518658235576127
18.75 0.518660751798417
18.7578125 0.518663257480172
18.765625 0.518665752665448
18.7734375 0.51866823739812
18.78125 0.518670711721878
18.7890625 0.518673175680232
18.796875 0.51867562931651
18.8046875 0.518678072673859
18.8125 0.518680505795248
18.8203125 0.518682928723467
18.828125 0.518685341501126
18.8359375 0.518687744170659
18.84375 0.518690136774325
18.8515625 0.518692519354204
18.859375 0.518694891952202
18.8671875 0.518697254610051
18.875 0.518699607369309
18.8828125 0.518701950271362
18.890625 0.518704283357422
18.8984375 0.51870660666853
18.90625 0.518708920245556
18.9140625 0.5187112241292
18.921875 0.518713518359993
18.9296875 0.518715802978297
18.9375 0.518718078024305
18.9453125 0.518720343538043
18.953125 0.518722599559372
18.9609375 0.518724846127985
18.96875 0.51872708328341
18.9765625 0.518729311065011
18.984375 0.518731529511987
18.9921875 0.518733738663375
19 0.518735938558049
19.0078125 0.518738129234721
19.015625 0.518740310731941
19.0234375 0.518742483088099
19.03125 0.518744646341426
19.0390625 0.518746800529991
19.046875 0.518748945691709
19.0546875 0.518751081864331
19.0625 0.518753209085457
19.0703125 0.518755327392525
19.078125 0.51875743682282
19.0859375 0.518759537413471
19.09375 0.518761629201452
19.1015625 0.518763712223584
19.109375 0.518765786516533
19.1171875 0.518767852116813
19.125 0.518769909060785
19.1328125 0.518771957384659
19.140625 0.518773997124496
19.1484375 0.518776028316204
19.15625 0.518778050995541
19.1640625 0.518780065198119
19.171875 0.518782070959399
19.1796875 0.518784068314695
19.1875 0.518786057299173
19.1953125 0.518788037947854
19.203125 0.518790010295613
19.2109375 0.518791974377177
19.21875 0.51879393022713
19.2265625 0.518795877879913
19.234375 0.518797817369822
19.2421875 0.518799748731009
19.25 0.518801671997486
19.2578125 0.518803587203121
19.265625 0.518805494381643
19.2734375 0.518807393566638
19.28125 0.518809284791553
19.2890625 0.518811168089696
19.296875 0.518813043494235
19.3046875 0.518814911038201
19.3125 0.518816770754486
19.3203125 0.518818622675847
19.328125 0.5188204668349
19.3359375 0.51882230326413
19.34375 0.518824131995883
19.3515625 0.518825953062371
19.359375 0.518827766495674
19.3671875 0.518829572327734
19.375 0.518831370590362
19.3828125 0.518833161315237
19.390625 0.518834944533905
19.3984375 0.518836720277779
19.40625 0.518838488578145
19.4140625 0.518840249466153
19.421875 0.518842002972828
19.4296875 0.518843749129062
19.4375 0.51884548796562
19.4453125 0.518847219513139
19.453125 0.518848943802125
19.4609375 0.518850660862962
19.46875 0.518852370725902
19.4765625 0.518854073421074
19.484375 0.51885576897848
19.4921875 0.518857457427997
19.5 0.518859138799377
19.5078125 0.518860813122249
19.515625 0.518862480426118
19.5234375 0.518864140740364
19.53125 0.518865794094246
19.5390625 0.518867440516902
19.546875 0.518869080037346
19.5546875 0.518870712684472
19.5625 0.518872338487054
19.5703125 0.518873957473745
19.578125 0.518875569673077
19.5859375 0.518877175113467
19.59375 0.51887877382321
19.6015625 0.518880365830483
19.609375 0.518881951163348
19.6171875 0.518883529849746
19.625 0.518885101917504
19.6328125 0.518886667394332
19.640625 0.518888226307826
19.6484375 0.518889778685463
19.65625 0.518891324554609
19.6640625 0.518892863942515
19.671875 0.518894396876315
19.6796875 0.518895923383034
19.6875 0.518897443489583
19.6953125 0.518898957222758
19.703125 0.518900464609247
19.7109375 0.518901965675623
19.71875 0.51890346044835
19.7265625 0.518904948953782
19.734375 0.518906431218162
19.7421875 0.518907907267623
19.75 0.518909377128189
19.7578125 0.518910840825776
19.765625 0.518912298386192
19.7734375 0.518913749835136
19.78125 0.518915195198201
19.7890625 0.518916634500872
19.796875 0.518918067768527
19.8046875 0.51891949502644
19.8125 0.518920916299778
19.8203125 0.518922331613604
19.828125 0.518923740992875
19.8359375 0.518925144462443
19.84375 0.51892654204706
19.8515625 0.51892793377137
19.859375 0.518929319659917
19.8671875 0.518930699737141
19.875 0.518932074027381
19.8828125 0.518933442554874
19.890625 0.518934805343755
19.8984375 0.518936162418059
19.90625 0.51893751380172
19.9140625 0.518938859518572
19.921875 0.518940199592351
19.9296875 0.518941534046691
19.9375 0.518942862905129
19.9453125 0.518944186191104
19.953125 0.518945503927956
19.9609375 0.518946816138927
19.96875 0.518948122847165
19.9765625 0.518949424075718
19.984375 0.518950719847537
19.9921875 0.518952010185482
20 0.518953295112312
20.0078125 0.518954574650694
20.015625 0.518955848823199
20.0234375 0.518957117652304
20.03125 0.518958381160393
20.0390625 0.518959639369755
20.046875 0.518960892302586
20.0546875 0.518962139980991
20.0625 0.51896338242698
20.0703125 0.518964619662473
20.078125 0.518965851709298
20.0859375 0.51896707858919
20.09375 0.518968300323795
20.1015625 0.51896951693467
20.109375 0.518970728443277
20.1171875 0.518971934870993
20.125 0.518973136239104
20.1328125 0.518974332568806
20.140625 0.518975523881207
20.1484375 0.518976710197329
20.15625 0.518977891538102
20.1640625 0.518979067924372
20.171875 0.518980239376895
20.1796875 0.518981405916344
20.1875 0.518982567563301
20.1953125 0.518983724338266
20.203125 0.51898487626165
20.2109375 0.518986023353781
20.21875 0.518987165634901
20.2265625 0.518988303125168
20.234375 0.518989435844654
20.2421875 0.51899056381335
20.25 0.51899168705116
20.2578125 0.518992805577907
20.265625 0.518993919413332
20.2734375 0.51899502857709
20.28125 0.518996133088757
20.2890625 0.518997232967825
20.296875 0.518998328233707
20.3046875 0.518999418905732
20.3125 0.51900050500315
20.3203125 0.51900158654513
20.328125 0.51900266355076
20.3359375 0.51900373603905
20.34375 0.519004804028929
20.3515625 0.519005867539247
20.359375 0.519006926588775
20.3671875 0.519007981196207
20.375 0.519009031380156
20.3828125 0.519010077159161
20.390625 0.51901111855168
20.3984375 0.519012155576096
20.40625 0.519013188250713
20.4140625 0.51901421659376
20.421875 0.51901524062339
20.4296875 0.519016260357678
20.4375 0.519017275814627
20.4453125 0.519018287012161
20.453125 0.519019293968131
20.4609375 0.519020296700313
20.46875 0.519021295226408
20.4765625 0.519022289564044
20.484375 0.519023279730774
20.4921875 0.519024265744079
20.5 0.519025247621366
20.5078125 0.519026225379969
20.515625 0.519027199037151
20.5234375 0.519028168610099
20.53125 0.519029134115933
20.5390625 0.519030095571698
20.546875 0.519031052994368
20.5546875 0.519032006400849
20.5625 0.519032955807971
20.5703125 0.519033901232499
20.578125 0.519034842691124
20.5859375 0.519035780200469
20.59375 0.519036713777087
20.6015625 0.519037643437462
20.609375 0.519038569198007
20.6171875 0.519039491075071
20.625 0.519040409084929
20.6328125 0.519041323243791
20.640625 0.5190422335678
20.6484375 0.519043140073029
20.65625 0.519044042775485
20.6640625 0.519044941691109
20.671875 0.519045836835772
20.6796875 0.519046728225283
20.6875 0.519047615875381
20.6953125 0.519048499801742
20.703125 0.519049380019974
20.7109375 0.519050256545621
20.71875 0.519051129394162
20.7265625 0.519051998581011
20.734375 0.519052864121518
20.7421875 0.519053726030967
20.75 0.519054584324579
20.7578125 0.519055439017513
20.765625 0.519056290124862
20.7734375 0.519057137661658
20.78125 0.519057981642867
20.7890625 0.519058822083396
20.796875 0.519059658998087
20.8046875 0.519060492401721
20.8125 0.519061322309017
20.8203125 0.519062148734633
20.828125 0.519062971693164
20.8359375 0.519063791199145
20.84375 0.51906460726705
20.8515625 0.519065419911292
20.859375 0.519066229146226
20.8671875 0.519067034986143
20.875 0.519067837445276
20.8828125 0.5190686365378
20.890625 0.519069432277829
20.8984375 0.519070224679417
20.90625 0.519071013756561
20.9140625 0.519071799523198
20.921875 0.519072581993209
20.9296875 0.519073361180414
20.9375 0.519074137098576
20.9453125 0.519074909761402
20.953125 0.519075679182539
20.9609375 0.51907644537558
20.96875 0.519077208354057
20.9765625 0.519077968131449
20.984375 0.519078724721178
20.9921875 0.519079478136607
21 0.519080228391047
21.0078125 0.51908097549775
21.015625 0.519081719469914
21.0234375 0.519082460320683
21.03125 0.519083198063142
21.0390625 0.519083932710326
21.046875 0.519084664275212
21.0546875 0.519085392770724
21.0625 0.519086118209731
21.0703125 0.519086840605051
21.078125 0.519087559969443
21.0859375 0.519088276315619
21.09375 0.519088989656232
21.1015625 0.519089700003886
21.109375 0.519090407371129
21.1171875 0.51909111177046
21.125 0.519091813214322
21.1328125 0.51909251171511
21.140625 0.519093207285162
21.1484375 0.51909389993677
21.15625 0.519094589682169
21.1640625 0.519095276533547
21.171875 0.519095960503039
21.1796875 0.519096641602729
21.1875 0.519097319844652
21.1953125 0.51909799524079
21.203125 0.519098667803078
21.2109375 0.519099337543398
21.21875 0.519100004473584
21.2265625 0.519100668605419
21.234375 0.51910132995064
21.2421875 0.519101988520931
21.25 0.519102644327929
21.2578125 0.51910329738322
21.265625 0.519103947698346
21.2734375 0.519104595284797
21.28125 0.519105240154015
21.2890625 0.519105882317395
21.296875 0.519106521786285
21.3046875 0.519107158571984
21.3125 0.519107792685744
21.3203125 0.519108424138771
21.328125 0.519109052942222
21.3359375 0.51910967910721
21.34375 0.519110302644799
21.3515625 0.519110923566007
21.359375 0.519111541881808
21.3671875 0.519112157603126
21.375 0.519112770740845
21.3828125 0.519113381305797
21.390625 0.519113989308773
21.3984375 0.519114594760518
21.40625 0.519115197671731
21.4140625 0.519115798053066
21.421875 0.519116395915134
21.4296875 0.519116991268499
21.4375 0.519117584123685
21.4453125 0.519118174491167
21.453125 0.519118762381379
21.4609375 0.51911934780471
21.46875 0.519119930771508
21.4765625 0.519120511292073
21.484375 0.519121089376667
21.4921875 0.519121665035505
21.5 0.519122238278762
21.5078125 0.519122809116568
21.515625 0.519123377559013
21.5234375 0.519123943616142
21.53125 0.51912450729796
21.5390625 0.51912506861443
21.546875 0.519125627575472
21.5546875 0.519126184190965
21.5625 0.519126738470747
21.5703125 0.519127290424615
21.578125 0.519127840062323
21.5859375 0.519128387393587
21.59375 0.519128932428081
21.6015625 0.519129475175437
21.609375 0.519130015645249
21.6171875 0.51913055384707
21.625 0.519131089790411
21.6328125 0.519131623484747
21.640625 0.51913215493951
21.6484375 0.519132684164094
21.65625 0.519133211167853
21.6640625 0.519133735960103
21.671875 0.519134258550119
21.6796875 0.519134778947138
21.6875 0.51913529716036
21.6953125 0.519135813198944
21.703125 0.519136327072011
21.7109375 0.519136838788644
21.71875 0.51913734835789
21.7265625 0.519137855788756
21.734375 0.51913836109021
21.7421875 0.519138864271185
21.75 0.519139365340576
21.7578125 0.51913986430724
21.765625 0.519140361179997
21.7734375 0.51914085596763
21.78125 0.519141348678886
21.7890625 0.519141839322474
21.796875 0.519142327907068
21.8046875 0.519142814441305
21.8125 0.519143298933784
21.8203125 0.519143781393072
21.828125 0.519144261827696
21.8359375 0.51914474024615
21.84375 0.519145216656891
21.8515625 0.519145691068341
21.859375 0.519146163488887
21.8671875 0.51914663392688
21.875 0.519147102390636
21.8828125 0.519147568888438
21.890625 0.519148033428532
21.8984375 0.519148496019131
21.90625 0.519148956668412
21.9140625 0.51914941538452
21.921875 0.519149872175564
21.9296875 0.519150327049618
21.9375 0.519150780014726
21.9453125 0.519151231078895
21.953125 0.5191516802501
21.9609375 0.519152127536281
21.96875 0.519152572945346
21.9765625 0.51915301648517
21.984375 0.519153458163594
21.9921875 0.519153897988427
22 0.519154335967445
22.0078125 0.519154772108391
22.015625 0.519155206418977
22.0234375 0.51915563890688
22.03125 0.519156069579747
22.0390625 0.519156498445193
22.046875 0.5191569255108
22.0546875 0.519157350784118
22.0625 0.519157774272666
22.0703125 0.519158195983933
22.078125 0.519158615925374
22.0859375 0.519159034104413
22.09375 0.519159450528445
22.1015625 0.519159865204833
22.109375 0.519160278140907
22.1171875 0.519160689343969
22.125 0.51916109882129
22.1328125 0.51916150658011
22.140625 0.519161912627638
22.1484375 0.519162316971053
22.15625 0.519162719617506
22.1640625 0.519163120574115
22.171875 0.519163519847969
22.1796875 0.51916391744613
22.1875 0.519164313375626
22.1953125 0.519164707643459
22.203125 0.519165100256599
22.2109375 0.51916549122199
22.21875 0.519165880546544
22.2265625 0.519166268237145
22.234375 0.519166654300648
22.2421875 0.51916703874388
22.25 0.519167421573638
22.2578125 0.519167802796692
22.265625 0.519168182419784
22.2734375 0.519168560449624
22.28125 0.519168936892899
22.2890625 0.519169311756264
22.296875 0.519169685046349
22.3046875 0.519170056769753
22.3125 0.51917042693305
22.3203125 0.519170795542786
22.328125 0.519171162605479
22.3359375 0.519171528127619
22.34375 0.519171892115671
22.3515625 0.51917225457607
22.359375 0.519172615515226
22.3671875 0.519172974939522
22.375 0.519173332855314
22.3828125 0.51917368926893
22.390625 0.519174044186674
22.3984375 0.519174397614821
22.40625 0.519174749559622
22.4140625 0.5191751000273
22.421875 0.519175449024054
22.4296875 0.519175796556053
22.4375 0.519176142629445
22.4453125 0.51917648725035
22.453125 0.519176830424861
22.4609375 0.519177172159047
22.46875 0.519177512458952
22.4765625 0.519177851330594
22.484375 0.519178188779965
22.4921875 0.519178524813033
22.5 0.51917885943574
22.5078125 0.519179192654005
22.515625 0.51917952447372
22.5234375 0.519179854900753
22.53125 0.519180183940948
22.5390625 0.519180511600124
22.546875 0.519180837884075
22.5546875 0.519181162798572
22.5625 0.519181486349361
22.5703125 0.519181808542164
22.578125 0.519182129382678
22.5859375 0.519182448876579
22.59375 0.519182767029516
22.6015625 0.519183083847116
22.609375 0.519183399334982
22.6171875 0.519183713498694
22.625 0.519184026343808
22.6328125 0.519184337875857
22.640625 0.519184648100349
22.6484375 0.519184957022773
22.65625 0.519185264648591
22.6640625 0.519185570983245
22.671875 0.519185876032151
22.6796875 0.519186179800705
22.6875 0.519186482294279
22.6953125 0.519186783518224
22.703125 0.519187083477866
22.7109375 0.519187382178512
22.71875 0.519187679625443
22.7265625 0.519187975823922
22.734375 0.519188270779185
22.7421875 0.51918856449645
22.75 0.519188856980913
22.7578125 0.519189148237745
22.765625 0.519189438272098
22.7734375 0.519189727089103
22.78125 0.519190014693866
22.7890625 0.519190301091476
22.796875 0.519190586286997
22.8046875 0.519190870285474
22.8125 0.51919115309193
22.8203125 0.519191434711367
22.828125 0.519191715148765
22.8359375 0.519191994409085
22.84375 0.519192272497267
22.8515625 0.519192549418228
22.859375 0.519192825176868
22.8671875 0.519193099778062
22.875 0.519193373226669
22.8828125 0.519193645527525
22.890625 0.519193916685446
22.8984375 0.519194186705229
22.90625 0.519194455591648
22.9140625 0.519194723349462
22.921875 0.519194989983404
22.9296875 0.519195255498192
22.9375 0.519195519898522
22.9453125 0.519195783189071
22.953125 0.519196045374495
22.9609375 0.519196306459432
22.96875 0.519196566448501
22.9765625 0.519196825346299
22.984375 0.519197083157407
22.9921875 0.519197339886385
23 0.519197595537773
23.0078125 0.519197850116094
23.015625 0.519198103625851
23.0234375 0.519198356071527
23.03125 0.519198607457589
23.0390625 0.519198857788483
23.046875 0.519199107068637
23.0546875 0.519199355302461
23.0625 0.519199602494344
23.0703125 0.519199848648661
23.078125 0.519200093769764
23.0859375 0.51920033786199
23.09375 0.519200580929657
23.1015625 0.519200822977064
23.109375 0.519201064008493
23.1171875 0.519201304028207
23.125 0.519201543040452
23.1328125 0.519201781049456
23.140625 0.519202018059429
23.1484375 0.519202254074564
23.15625 0.519202489099035
23.1640625 0.519202723137
23.171875 0.519202956192599
23.1796875 0.519203188269954
23.1875 0.519203419373172
23.1953125 0.519203649506339
23.203125 0.519203878673527
23.2109375 0.51920410687879
23.21875 0.519204334126164
23.2265625 0.51920456041967
23.234375 0.51920478576331
23.2421875 0.519205010161072
23.25 0.519205233616923
23.2578125 0.519205456134818
23.265625 0.519205677718692
23.2734375 0.519205898372465
23.28125 0.519206118100042
23.2890625 0.519206336905307
23.296875 0.519206554792134
23.3046875 0.519206771764374
23.3125 0.519206987825868
23.3203125 0.519207202980437
23.328125 0.519207417231888
23.3359375 0.51920763058401
23.34375 0.519207843040577
23.3515625 0.519208054605349
23.359375 0.519208265282067
23.3671875 0.51920847507446
23.375 0.519208683986237
23.3828125 0.519208892021095
23.390625 0.519209099182714
23.3984375 0.519209305474759
23.40625 0.51920951090088
23.4140625 0.519209715464709
23.421875 0.519209919169867
23.4296875 0.519210122019957
23.4375 0.519210324018568
23.4453125 0.519210525169272
23.453125 0.51921072547563
23.4609375 0.519210924941183
23.46875 0.519211123569461
23.4765625 0.519211321363979
23.484375 0.519211518328234
23.4921875 0.519211714465712
23.5 0.519211909779882
23.5078125 0.5192121042742
23.515625 0.519212297952106
23.5234375 0.519212490817028
23.53125 0.519212682872376
23.5390625 0.519212874121549
23.546875 0.519213064567931
23.5546875 0.51921325421489
23.5625 0.519213443065781
23.5703125 0.519213631123945
23.578125 0.519213818392711
23.5859375 0.51921400487539
23.59375 0.519214190575281
23.6015625 0.519214375495671
23.609375 0.519214559639831
23.6171875 0.519214743011018
23.625 0.519214925612477
23.6328125 0.519215107447437
23.640625 0.519215288519117
23.6484375 0.51921546883072
23.65625 0.519215648385435
23.6640625 0.51921582718644
23.671875 0.519216005236897
23.6796875 0.519216182539957
23.6875 0.519216359098756
23.6953125 0.519216534916419
23.703125 0.519216709996055
23.7109375 0.519216884340763
23.71875 0.519217057953626
23.7265625 0.519217230837717
23.734375 0.519217402996094
23.7421875 0.519217574431803
23.75 0.519217745147877
23.7578125 0.519217915147337
23.765625 0.519218084433189
23.7734375 0.51921825300843
23.78125 0.519218420876041
23.7890625 0.519218588038993
23.796875 0.519218754500243
23.8046875 0.519218920262737
23.8125 0.519219085329406
23.8203125 0.519219249703172
23.828125 0.519219413386942
23.8359375 0.519219576383613
23.84375 0.519219738696069
23.8515625 0.519219900327181
23.859375 0.519220061279809
23.8671875 0.5192202215568
23.875 0.519220381160991
23.8828125 0.519220540095205
23.890625 0.519220698362254
23.8984375 0.519220855964938
23.90625 0.519221012906046
23.9140625 0.519221169188355
23.921875 0.51922132481463
23.9296875 0.519221479787624
23.9375 0.519221634110078
23.9453125 0.519221787784725
23.953125 0.519221940814282
23.9609375 0.519222093201456
23.96875 0.519222244948946
23.9765625 0.519222396059434
23.984375 0.519222546535595
23.9921875 0.519222696380092
24 0.519222845595574
24.0078125 0.519222994184684
24.015625 0.519223142150049
24.0234375 0.519223289494287
24.03125 0.519223436220007
24.0390625 0.519223582329803
24.046875 0.51922372782626
24.0546875 0.519223872711954
24.0625 0.519224016989448
24.0703125 0.519224160661294
24.078125 0.519224303730035
24.0859375 0.519224446198202
24.09375 0.519224588068315
24.1015625 0.519224729342886
24.109375 0.519224870024413
24.1171875 0.519225010115386
24.125 0.519225149618283
24.1328125 0.519225288535573
24.140625 0.519225426869714
24.1484375 0.519225564623154
24.15625 0.519225701798329
24.1640625 0.519225838397667
24.171875 0.519225974423585
24.1796875 0.51922610987849
24.1875 0.519226244764779
24.1953125 0.519226379084838
24.203125 0.519226512841043
24.2109375 0.519226646035762
24.21875 0.519226778671352
24.2265625 0.519226910750158
24.234375 0.519227042274519
24.2421875 0.519227173246761
24.25 0.519227303669202
24.2578125 0.51922743354415
24.265625 0.519227562873902
24.2734375 0.519227691660747
24.28125 0.519227819906963
24.2890625 0.519227947614821
24.296875 0.519228074786579
24.3046875 0.519228201424489
24.3125 0.519228327530789
24.3203125 0.519228453107713
24.328125 0.519228578157482
24.3359375 0.519228702682309
24.34375 0.519228826684396
24.3515625 0.519228950165939
24.359375 0.519229073129122
24.3671875 0.519229195576121
24.375 0.519229317509103
24.3828125 0.519229438930225
24.390625 0.519229559841635
24.3984375 0.519229680245474
24.40625 0.519229800143871
24.4140625 0.519229919538949
24.421875 0.519230038432819
24.4296875 0.519230156827586
24.4375 0.519230274725345
24.4453125 0.519230392128181
24.453125 0.519230509038172
24.4609375 0.519230625457388
24.46875 0.519230741387887
24.4765625 0.519230856831722
24.484375 0.519230971790934
24.4921875 0.519231086267559
24.5 0.519231200263622
24.5078125 0.51923131378114
24.515625 0.519231426822122
24.5234375 0.519231539388567
24.53125 0.519231651482468
24.5390625 0.519231763105809
24.546875 0.519231874260564
24.5546875 0.519231984948701
24.5625 0.519232095172178
24.5703125 0.519232204932945
24.578125 0.519232314232945
24.5859375 0.519232423074112
24.59375 0.519232531458371
24.6015625 0.519232639387641
24.609375 0.519232746863832
24.6171875 0.519232853888845
24.625 0.519232960464574
24.6328125 0.519233066592904
24.640625 0.519233172275715
24.6484375 0.519233277514876
24.65625 0.519233382312249
24.6640625 0.519233486669689
24.671875 0.519233590589043
24.6796875 0.519233694072148
24.6875 0.519233797120838
24.6953125 0.519233899736934
24.703125 0.519234001922252
24.7109375 0.519234103678602
24.71875 0.519234205007784
24.7265625 0.51923430591159
24.734375 0.519234406391806
24.7421875 0.519234506450211
24.75 0.519234606088574
24.7578125 0.51923470530866
24.765625 0.519234804112224
24.7734375 0.519234902501013
24.78125 0.51923500047677
24.7890625 0.519235098041228
24.796875 0.519235195196114
24.8046875 0.519235291943146
24.8125 0.519235388284037
24.8203125 0.519235484220491
24.828125 0.519235579754207
24.8359375 0.519235674886874
24.84375 0.519235769620177
24.8515625 0.519235863955791
24.859375 0.519235957895386
24.8671875 0.519236051440624
24.875 0.519236144593162
24.8828125 0.519236237354646
24.890625 0.519236329726719
24.8984375 0.519236421711014
24.90625 0.519236513309161
24.9140625 0.51923660452278
24.921875 0.519236695353485
24.9296875 0.519236785802883
24.9375 0.519236875872574
24.9453125 0.519236965564154
24.953125 0.519237054879209
24.9609375 0.519237143819319
24.96875 0.519237232386059
24.9765625 0.519237320580995
24.984375 0.519237408405688
24.9921875 0.519237495861694
25 0.519237582950558
25.0078125 0.519237669673823
25.015625 0.519237756033022
25.0234375 0.519237842029685
25.03125 0.519237927665333
25.0390625 0.519238012941482
25.046875 0.51923809785964
25.0546875 0.51923818242131
25.0625 0.519238266627989
25.0703125 0.519238350481167
25.078125 0.519238433982327
25.0859375 0.519238517132949
25.09375 0.519238599934501
25.1015625 0.519238682388452
25.109375 0.519238764496258
25.1171875 0.519238846259374
25.125 0.519238927679246
25.1328125 0.519239008757315
25.140625 0.519239089495016
25.1484375 0.519239169893778
25.15625 0.519239249955023
25.1640625 0.519239329680168
25.171875 0.519239409070625
25.1796875 0.519239488127798
25.1875 0.519239566853085
25.1953125 0.519239645247881
25.203125 0.519239723313572
25.2109375 0.519239801051541
25.21875 0.519239878463162
25.2265625 0.519239955549806
25.234375 0.519240032312837
25.2421875 0.519240108753613
25.25 0.519240184873488
25.2578125 0.519240260673807
25.265625 0.519240336155913
25.2734375 0.519240411321141
25.28125 0.519240486170822
25.2890625 0.51924056070628
25.296875 0.519240634928834
25.3046875 0.519240708839798
25.3125 0.51924078244048
25.3203125 0.519240855732181
25.328125 0.5192409287162
25.3359375 0.519241001393828
25.34375 0.51924107376635
25.3515625 0.519241145835048
25.359375 0.519241217601198
25.3671875 0.519241289066068
25.375 0.519241360230925
25.3828125 0.519241431097026
25.390625 0.519241501665627
25.3984375 0.519241571937976
25.40625 0.519241641915317
25.4140625 0.519241711598888
25.421875 0.519241780989923
25.4296875 0.519241850089649
25.4375 0.519241918899289
25.4453125 0.519241987420061
25.453125 0.519242055653178
25.4609375 0.519242123599847
25.46875 0.51924219126127
25.4765625 0.519242258638646
25.484375 0.519242325733166
25.4921875 0.519242392546018
25.5 0.519242459078384
25.5078125 0.519242525331441
25.515625 0.519242591306363
25.5234375 0.519242657004316
25.53125 0.519242722426464
25.5390625 0.519242787573964
25.546875 0.519242852447969
25.5546875 0.519242917049627
25.5625 0.519242981380081
25.5703125 0.51924304544047
25.578125 0.519243109231928
25.5859375 0.519243172755584
25.59375 0.519243236012561
25.6015625 0.519243299003979
25.609375 0.519243361730953
25.6171875 0.519243424194594
25.625 0.519243486396006
25.6328125 0.51924354833629
25.640625 0.519243610016543
25.6484375 0.519243671437855
25.65625 0.519243732601315
25.6640625 0.519243793508005
25.671875 0.519243854159001
25.6796875 0.519243914555379
25.6875 0.519243974698206
25.6953125 0.519244034588547
25.703125 0.519244094227462
25.7109375 0.519244153616007
25.71875 0.519244212755231
25.7265625 0.519244271646183
25.734375 0.519244330289904
25.7421875 0.519244388687433
25.75 0.519244446839801
25.7578125 0.51924450474804
25.765625 0.519244562413173
25.7734375 0.519244619836221
25.78125 0.5192446770182
25.7890625 0.519244733960123
25.796875 0.519244790662997
25.8046875 0.519244847127825
25.8125 0.519244903355608
25.8203125 0.519244959347339
25.828125 0.51924501510401
25.8359375 0.519245070626608
25.84375 0.519245125916115
25.8515625 0.51924518097351
25.859375 0.519245235799767
25.8671875 0.519245290395857
25.875 0.519245344762745
25.8828125 0.519245398901394
25.890625 0.519245452812762
25.8984375 0.519245506497803
25.90625 0.519245559957467
25.9140625 0.519245613192701
25.921875 0.519245666204446
25.9296875 0.51924571899364
25.9375 0.519245771561219
25.9453125 0.519245823908112
25.953125 0.519245876035245
25.9609375 0.519245927943542
25.96875 0.519245979633921
25.9765625 0.519246031107296
25.984375 0.519246082364579
25.9921875 0.519246133406676
26 0.519246184234492
26.0078125 0.519246234848926
26.015625 0.519246285250872
26.0234375 0.519246335441225
26.03125 0.519246385420871
26.0390625 0.519246435190695
26.046875 0.519246484751578
26.0546875 0.519246534104398
26.0625 0.519246583250027
26.0703125 0.519246632189336
26.078125 0.51924668092319
26.0859375 0.519246729452452
26.09375 0.519246777777981
26.1015625 0.519246825900633
26.109375 0.519246873821258
26.1171875 0.519246921540705
26.125 0.519246969059818
26.1328125 0.519247016379439
26.140625 0.519247063500405
26.1484375 0.51924711042355
26.15625 0.519247157149704
26.1640625 0.519247203679695
26.171875 0.519247250014345
26.1796875 0.519247296154476
26.1875 0.519247342100902
26.1953125 0.519247387854438
26.203125 0.519247433415894
26.2109375 0.519247478786075
26.21875 0.519247523965785
26.2265625 0.519247568955823
26.234375 0.519247613756986
26.2421875 0.519247658370066
26.25 0.519247702795853
26.2578125 0.519247747035134
26.265625 0.51924779108869
26.2734375 0.519247834957303
26.28125 0.519247878641747
26.2890625 0.519247922142797
26.296875 0.519247965461223
26.3046875 0.51924800859779
26.3125 0.519248051553262
26.3203125 0.519248094328401
26.328125 0.519248136923962
26.3359375 0.519248179340699
26.34375 0.519248221579364
26.3515625 0.519248263640703
26.359375 0.519248305525462
26.3671875 0.519248347234381
26.375 0.519248388768199
26.3828125 0.519248430127651
26.390625 0.519248471313468
26.3984375 0.51924851232638
26.40625 0.519248553167113
26.4140625 0.519248593836389
26.421875 0.519248634334928
26.4296875 0.519248674663447
26.4375 0.51924871482266
26.4453125 0.519248754813277
26.453125 0.519248794636006
26.4609375 0.519248834291552
26.46875 0.519248873780617
26.4765625 0.519248913103899
26.484375 0.519248952262095
26.4921875 0.519248991255898
26.5 0.519249030085998
26.5078125 0.519249068753082
26.515625 0.519249107257834
26.5234375 0.519249145600936
26.53125 0.519249183783066
26.5390625 0.519249221804901
26.546875 0.519249259667113
26.5546875 0.519249297370372
26.5625 0.519249334915346
26.5703125 0.519249372302699
26.578125 0.519249409533093
26.5859375 0.519249446607186
26.59375 0.519249483525635
26.6015625 0.519249520289094
26.609375 0.519249556898212
26.6171875 0.519249593353638
26.625 0.519249629656017
26.6328125 0.519249665805992
26.640625 0.519249701804202
26.6484375 0.519249737651285
26.65625 0.519249773347874
26.6640625 0.519249808894603
26.671875 0.519249844292099
26.6796875 0.519249879540989
26.6875 0.519249914641898
26.6953125 0.519249949595446
26.703125 0.519249984402252
26.7109375 0.519250019062932
26.71875 0.519250053578099
26.7265625 0.519250087948365
26.734375 0.519250122174338
26.7421875 0.519250156256623
26.75 0.519250190195823
26.7578125 0.51925022399254
26.765625 0.519250257647372
26.7734375 0.519250291160913
26.78125 0.519250324533758
26.7890625 0.519250357766497
26.796875 0.519250390859718
26.8046875 0.519250423814007
26.8125 0.519250456629947
26.8203125 0.519250489308119
26.828125 0.519250521849101
26.8359375 0.519250554253469
26.84375 0.519250586521797
26.8515625 0.519250618654656
26.859375 0.519250650652614
26.8671875 0.519250682516238
26.875 0.519250714246092
26.8828125 0.519250745842737
26.890625 0.519250777306733
26.8984375 0.519250808638636
26.90625 0.519250839839001
26.9140625 0.519250870908381
26.921875 0.519250901847324
26.9296875 0.51925093265638
26.9375 0.519250963336092
26.9453125 0.519250993887004
26.953125 0.519251024309657
26.9609375 0.519251054604589
26.96875 0.519251084772336
26.9765625 0.519251114813433
26.984375 0.51925114472841
26.9921875 0.519251174517798
27 0.519251204182124
27.0078125 0.519251233721912
27.015625 0.519251263137686
27.0234375 0.519251292429965
27.03125 0.51925132159927
27.0390625 0.519251350646115
27.046875 0.519251379571015
27.0546875 0.519251408374482
27.0625 0.519251437057025
27.0703125 0.519251465619153
27.078125 0.519251494061371
27.0859375 0.519251522384182
27.09375 0.519251550588087
27.1015625 0.519251578673586
27.109375 0.519251606641176
27.1171875 0.519251634491352
27.125 0.519251662224606
27.1328125 0.51925168984143
27.140625 0.519251717342312
27.1484375 0.519251744727739
27.15625 0.519251771998196
27.1640625 0.519251799154165
27.171875 0.519251826196128
27.1796875 0.519251853124562
27.1875 0.519251879939944
27.1953125 0.519251906642749
27.203125 0.51925193323345
27.2109375 0.519251959712516
27.21875 0.519251986080418
27.2265625 0.519252012337621
27.234375 0.51925203848459
27.2421875 0.519252064521788
27.25 0.519252090449676
27.2578125 0.519252116268712
27.265625 0.519252141979355
27.2734375 0.519252167582058
27.28125 0.519252193077275
27.2890625 0.519252218465456
27.296875 0.519252243747053
27.3046875 0.519252268922511
27.3125 0.519252293992277
27.3203125 0.519252318956794
27.328125 0.519252343816504
27.3359375 0.519252368571847
27.34375 0.519252393223261
27.3515625 0.519252417771183
27.359375 0.519252442216047
27.3671875 0.519252466558285
27.375 0.519252490798329
27.3828125 0.519252514936608
27.390625 0.519252538973548
27.3984375 0.519252562909575
27.40625 0.519252586745113
27.4140625 0.519252610480584
27.421875 0.519252634116407
27.4296875 0.519252657653002
27.4375 0.519252681090784
27.4453125 0.519252704430169
27.453125 0.51925272767157
27.4609375 0.519252750815397
27.46875 0.519252773862061
27.4765625 0.51925279681197
27.484375 0.519252819665529
27.4921875 0.519252842423143
27.5 0.519252865085216
27.5078125 0.519252887652147
27.515625 0.519252910124337
27.5234375 0.519252932502183
27.53125 0.519252954786081
27.5390625 0.519252976976426
27.546875 0.519252999073611
27.5546875 0.519253021078026
27.5625 0.519253042990061
27.5703125 0.519253064810104
27.578125 0.519253086538541
27.5859375 0.519253108175757
27.59375 0.519253129722134
27.6015625 0.519253151178055
27.609375 0.519253172543897
27.6171875 0.519253193820041
27.625 0.519253215006862
27.6328125 0.519253236104736
27.640625 0.519253257114035
27.6484375 0.519253278035133
27.65625 0.519253298868398
27.6640625 0.5192533196142
27.671875 0.519253340272905
27.6796875 0.519253360844881
27.6875 0.519253381330489
27.6953125 0.519253401730095
27.703125 0.519253422044057
27.7109375 0.519253442272736
27.71875 0.51925346241649
27.7265625 0.519253482475676
27.734375 0.519253502450648
27.7421875 0.51925352234176
27.75 0.519253542149364
27.7578125 0.519253561873811
27.765625 0.519253581515449
27.7734375 0.519253601074627
27.78125 0.51925362055169
27.7890625 0.519253639946983
27.796875 0.519253659260851
27.8046875 0.519253678493633
27.8125 0.519253697645672
27.8203125 0.519253716717305
27.828125 0.51925373570887
27.8359375 0.519253754620704
27.84375 0.519253773453142
27.8515625 0.519253792206516
27.859375 0.519253810881158
27.8671875 0.519253829477399
27.875 0.519253847995569
27.8828125 0.519253866435994
27.890625 0.519253884799002
27.8984375 0.519253903084917
27.90625 0.519253921294063
27.9140625 0.519253939426762
27.921875 0.519253957483335
27.9296875 0.519253975464102
27.9375 0.519253993369381
27.9453125 0.519254011199489
27.953125 0.519254028954742
27.9609375 0.519254046635453
27.96875 0.519254064241936
27.9765625 0.519254081774503
27.984375 0.519254099233463
27.9921875 0.519254116619126
28 0.519254133931799
28.0078125 0.519254151171789
28.015625 0.519254168339401
28.0234375 0.519254185434939
28.03125 0.519254202458705
28.0390625 0.519254219411001
28.046875 0.519254236292126
28.0546875 0.51925425310238
28.0625 0.519254269842061
28.0703125 0.519254286511463
28.078125 0.519254303110883
28.0859375 0.519254319640614
28.09375 0.519254336100949
28.1015625 0.519254352492179
28.109375 0.519254368814595
28.1171875 0.519254385068484
28.125 0.519254401254135
28.1328125 0.519254417371835
28.140625 0.519254433421868
28.1484375 0.519254449404518
28.15625 0.51925446532007
28.1640625 0.519254481168803
28.171875 0.519254496950999
28.1796875 0.519254512666937
28.1875 0.519254528316896
28.1953125 0.519254543901152
28.203125 0.51925455941998
28.2109375 0.519254574873657
28.21875 0.519254590262455
28.2265625 0.519254605586646
28.234375 0.519254620846503
28.2421875 0.519254636042294
28.25 0.519254651174289
28.2578125 0.519254666242756
28.265625 0.519254681247962
28.2734375 0.519254696190171
28.28125 0.519254711069649
28.2890625 0.519254725886659
28.296875 0.519254740641463
28.3046875 0.519254755334322
28.3125 0.519254769965497
28.3203125 0.519254784535246
28.328125 0.519254799043827
28.3359375 0.519254813491497
28.34375 0.519254827878512
28.3515625 0.519254842205127
28.359375 0.519254856471594
28.3671875 0.519254870678166
28.375 0.519254884825096
28.3828125 0.519254898912633
28.390625 0.519254912941026
28.3984375 0.519254926910524
28.40625 0.519254940821375
28.4140625 0.519254954673824
28.421875 0.519254968468116
28.4296875 0.519254982204496
28.4375 0.519254995883207
28.4453125 0.519255009504491
28.453125 0.519255023068589
28.4609375 0.519255036575741
28.46875 0.519255050026187
28.4765625 0.519255063420164
28.484375 0.519255076757909
28.4921875 0.519255090039658
28.5 0.519255103265647
28.5078125 0.51925511643611
28.515625 0.519255129551279
28.5234375 0.519255142611387
28.53125 0.519255155616665
28.5390625 0.519255168567343
28.546875 0.519255181463651
28.5546875 0.519255194305817
28.5625 0.519255207094067
28.5703125 0.519255219828629
28.578125 0.519255232509727
28.5859375 0.519255245137587
28.59375 0.519255257712431
28.6015625 0.519255270234482
28.609375 0.519255282703963
28.6171875 0.519255295121093
28.625 0.519255307486092
28.6328125 0.51925531979918
28.640625 0.519255332060574
28.6484375 0.519255344270491
28.65625 0.519255356429147
28.6640625 0.519255368536758
28.671875 0.519255380593538
28.6796875 0.5192553925997
28.6875 0.519255404555456
28.6953125 0.519255416461019
28.703125 0.519255428316599
28.7109375 0.519255440122406
28.71875 0.519255451878649
28.7265625 0.519255463585535
28.734375 0.519255475243273
28.7421875 0.519255486852069
28.75 0.519255498412127
28.7578125 0.519255509923653
28.765625 0.51925552138685
28.7734375 0.519255532801921
28.78125 0.519255544169069
28.7890625 0.519255555488494
28.796875 0.519255566760397
28.8046875 0.519255577984977
28.8125 0.519255589162434
28.8203125 0.519255600292964
28.828125 0.519255611376764
28.8359375 0.519255622414032
28.84375 0.519255633404963
28.8515625 0.51925564434975
28.859375 0.519255655248588
28.8671875 0.519255666101669
28.875 0.519255676909186
28.8828125 0.51925568767133
28.890625 0.519255698388291
28.8984375 0.51925570906026
28.90625 0.519255719687424
28.9140625 0.519255730269973
28.921875 0.519255740808092
28.9296875 0.51925575130197
28.9375 0.519255761751792
28.9453125 0.519255772157742
28.953125 0.519255782520005
28.9609375 0.519255792838764
28.96875 0.519255803114202
28.9765625 0.5192558133465
28.984375 0.519255823535841
28.9921875 0.519255833682404
29 0.519255843786368
29.0078125 0.519255853847913
29.015625 0.519255863867217
29.0234375 0.519255873844457
29.03125 0.519255883779809
29.0390625 0.51925589367345
29.046875 0.519255903525555
29.0546875 0.519255913336297
29.0625 0.519255923105852
29.0703125 0.51925593283439
29.078125 0.519255942522086
29.0859375 0.51925595216911
29.09375 0.519255961775632
29.1015625 0.519255971341824
29.109375 0.519255980867854
29.1171875 0.519255990353891
29.125 0.519255999800103
29.1328125 0.519256009206656
29.140625 0.519256018573719
29.1484375 0.519256027901456
29.15625 0.519256037190032
29.1640625 0.519256046439611
29.171875 0.519256055650359
29.1796875 0.519256064822437
29.1875 0.519256073956008
29.1953125 0.519256083051233
29.203125 0.519256092108274
29.2109375 0.519256101127291
29.21875 0.519256110108444
29.2265625 0.51925611905189
29.234375 0.51925612795779
29.2421875 0.5192561368263
29.25 0.519256145657578
29.2578125 0.519256154451779
29.265625 0.519256163209059
29.2734375 0.519256171929574
29.28125 0.519256180613477
29.2890625 0.519256189260923
29.296875 0.519256197872065
29.3046875 0.519256206447054
29.3125 0.519256214986043
29.3203125 0.519256223489182
29.328125 0.519256231956623
29.3359375 0.519256240388515
29.34375 0.519256248785008
29.3515625 0.51925625714625
29.359375 0.519256265472388
29.3671875 0.519256273763571
29.375 0.519256282019945
29.3828125 0.519256290241657
29.390625 0.519256298428851
29.3984375 0.519256306581673
29.40625 0.519256314700267
29.4140625 0.519256322784776
29.421875 0.519256330835345
29.4296875 0.519256338852114
29.4375 0.519256346835227
29.4453125 0.519256354784825
29.453125 0.519256362701048
29.4609375 0.519256370584036
29.46875 0.519256378433928
29.4765625 0.519256386250865
29.484375 0.519256394034984
29.4921875 0.519256401786423
29.5 0.519256409505318
29.5078125 0.519256417191808
29.515625 0.519256424846028
29.5234375 0.519256432468112
29.53125 0.519256440058197
29.5390625 0.519256447616417
29.546875 0.519256455142905
29.5546875 0.519256462637794
29.5625 0.519256470101218
29.5703125 0.519256477533308
29.578125 0.519256484934195
29.5859375 0.519256492304012
29.59375 0.519256499642888
29.6015625 0.519256506950953
29.609375 0.519256514228336
29.6171875 0.519256521475167
29.625 0.519256528691574
29.6328125 0.519256535877684
29.640625 0.519256543033624
29.6484375 0.519256550159522
29.65625 0.519256557255503
29.6640625 0.519256564321692
29.671875 0.519256571358216
29.6796875 0.519256578365199
29.6875 0.519256585342764
29.6953125 0.519256592291035
29.703125 0.519256599210135
29.7109375 0.519256606100187
29.71875 0.519256612961312
29.7265625 0.519256619793632
29.734375 0.519256626597268
29.7421875 0.51925663337234
29.75 0.519256640118968
29.7578125 0.519256646837272
29.765625 0.51925665352737
29.7734375 0.519256660189382
29.78125 0.519256666823424
29.7890625 0.519256673429615
29.796875 0.51925668000807
29.8046875 0.519256686558908
29.8125 0.519256693082243
29.8203125 0.519256699578191
29.828125 0.519256706046867
29.8359375 0.519256712488385
29.84375 0.51925671890286
29.8515625 0.519256725290405
29.859375 0.519256731651134
29.8671875 0.519256737985158
29.875 0.51925674429259
29.8828125 0.519256750573541
29.890625 0.519256756828123
29.8984375 0.519256763056446
29.90625 0.519256769258621
29.9140625 0.519256775434758
29.921875 0.519256781584965
29.9296875 0.519256787709351
29.9375 0.519256793808026
29.9453125 0.519256799881096
29.953125 0.51925680592867
29.9609375 0.519256811950854
29.96875 0.519256817947755
29.9765625 0.51925682391948
29.984375 0.519256829866133
29.9921875 0.519256835787821
30 0.519256841684647
30.0078125 0.519256847556717
30.015625 0.519256853404134
30.0234375 0.519256859227001
30.03125 0.519256865025423
30.0390625 0.519256870799501
30.046875 0.519256876549338
30.0546875 0.519256882275035
30.0625 0.519256887976693
30.0703125 0.519256893654415
30.078125 0.5192568993083
30.0859375 0.519256904938448
30.09375 0.519256910544958
30.1015625 0.519256916127931
30.109375 0.519256921687465
30.1171875 0.519256927223659
30.125 0.519256932736609
30.1328125 0.519256938226415
30.140625 0.519256943693173
30.1484375 0.519256949136979
30.15625 0.519256954557931
30.1640625 0.519256959956124
30.171875 0.519256965331653
30.1796875 0.519256970684615
30.1875 0.519256976015103
30.1953125 0.519256981323212
30.203125 0.519256986609036
30.2109375 0.519256991872669
30.21875 0.519256997114203
30.2265625 0.519257002333731
30.234375 0.519257007531347
30.2421875 0.519257012707141
30.25 0.519257017861205
30.2578125 0.519257022993632
30.265625 0.51925702810451
30.2734375 0.519257033193932
30.28125 0.519257038261987
30.2890625 0.519257043308764
30.296875 0.519257048334354
30.3046875 0.519257053338844
30.3125 0.519257058322324
30.3203125 0.519257063284882
30.328125 0.519257068226606
30.3359375 0.519257073147582
30.34375 0.519257078047899
30.3515625 0.519257082927643
30.359375 0.5192570877869
30.3671875 0.519257092625757
30.375 0.519257097444298
30.3828125 0.51925710224261
30.390625 0.519257107020777
30.3984375 0.519257111778883
30.40625 0.519257116517014
30.4140625 0.519257121235252
30.421875 0.519257125933682
30.4296875 0.519257130612387
30.4375 0.519257135271449
30.4453125 0.51925713991095
30.453125 0.519257144530974
30.4609375 0.519257149131601
30.46875 0.519257153712913
30.4765625 0.519257158274992
30.484375 0.519257162817917
30.4921875 0.51925716734177
30.5 0.51925717184663
30.5078125 0.519257176332578
30.515625 0.519257180799692
30.5234375 0.519257185248052
30.53125 0.519257189677736
30.5390625 0.519257194088823
30.546875 0.519257198481391
30.5546875 0.519257202855517
30.5625 0.51925720721128
30.5703125 0.519257211548756
30.578125 0.519257215868021
30.5859375 0.519257220169153
30.59375 0.519257224452228
30.6015625 0.51925722871732
30.609375 0.519257232964507
30.6171875 0.519257237193863
30.625 0.519257241405462
30.6328125 0.51925724559938
30.640625 0.51925724977569
30.6484375 0.519257253934467
30.65625 0.519257258075785
30.6640625 0.519257262199715
30.671875 0.519257266306332
30.6796875 0.519257270395708
30.6875 0.519257274467916
30.6953125 0.519257278523027
30.703125 0.519257282561114
30.7109375 0.519257286582248
30.71875 0.519257290586499
30.7265625 0.519257294573939
30.734375 0.519257298544639
30.7421875 0.519257302498669
30.75 0.519257306436098
30.7578125 0.519257310356997
30.765625 0.519257314261435
30.7734375 0.519257318149481
30.78125 0.519257322021203
30.7890625 0.519257325876671
30.796875 0.519257329715952
30.8046875 0.519257333539115
30.8125 0.519257337346226
30.8203125 0.519257341137355
30.828125 0.519257344912567
30.8359375 0.519257348671929
30.84375 0.519257352415509
30.8515625 0.519257356143372
30.859375 0.519257359855584
30.8671875 0.519257363552211
30.875 0.519257367233318
30.8828125 0.519257370898971
30.890625 0.519257374549235
30.8984375 0.519257378184173
30.90625 0.519257381803851
30.9140625 0.519257385408332
30.921875 0.519257388997681
30.9296875 0.51925739257196
30.9375 0.519257396131234
30.9453125 0.519257399675564
30.953125 0.519257403205014
30.9609375 0.519257406719647
30.96875 0.519257410219524
30.9765625 0.519257413704707
30.984375 0.519257417175258
30.9921875 0.519257420631239
31 0.519257424072711
31.0078125 0.519257427499734
31.015625 0.51925743091237
31.0234375 0.519257434310678
31.03125 0.519257437694719
31.0390625 0.519257441064553
31.046875 0.519257444420239
31.0546875 0.519257447761837
31.0625 0.519257451089406
31.0703125 0.519257454403004
31.078125 0.519257457702691
31.0859375 0.519257460988525
31.09375 0.519257464260565
31.1015625 0.519257467518866
31.109375 0.519257470763489
31.1171875 0.51925747399449
31.125 0.519257477211926
31.1328125 0.519257480415854
31.140625 0.519257483606331
31.1484375 0.519257486783413
31.15625 0.519257489947157
31.1640625 0.519257493097618
31.171875 0.519257496234853
31.1796875 0.519257499358917
31.1875 0.519257502469865
31.1953125 0.519257505567752
31.203125 0.519257508652634
31.2109375 0.519257511724564
31.21875 0.519257514783597
31.2265625 0.519257517829787
31.234375 0.519257520863189
31.2421875 0.519257523883855
31.25 0.519257526891839
31.2578125 0.519257529887195
31.265625 0.519257532869976
31.2734375 0.519257535840234
31.28125 0.519257538798022
31.2890625 0.519257541743392
31.296875 0.519257544676396
31.3046875 0.519257547597087
31.3125 0.519257550505516
31.3203125 0.519257553401734
31.328125 0.519257556285793
31.3359375 0.519257559157744
31.34375 0.519257562017638
31.3515625 0.519257564865525
31.359375 0.519257567701455
31.3671875 0.519257570525479
31.375 0.519257573337647
31.3828125 0.519257576138009
31.390625 0.519257578926614
31.3984375 0.519257581703512
31.40625 0.519257584468751
31.4140625 0.519257587222381
31.421875 0.51925758996445
31.4296875 0.519257592695007
31.4375 0.5192575954141
31.4453125 0.519257598121778
31.453125 0.519257600818088
31.4609375 0.519257603503078
31.46875 0.519257606176796
31.4765625 0.519257608839289
31.484375 0.519257611490603
31.4921875 0.519257614130787
31.5 0.519257616759886
31.5078125 0.519257619377947
31.515625 0.519257621985017
31.5234375 0.519257624581142
31.53125 0.519257627166367
31.5390625 0.519257629740739
31.546875 0.519257632304302
31.5546875 0.519257634857103
31.5625 0.519257637399187
31.5703125 0.519257639930598
31.578125 0.519257642451381
31.5859375 0.519257644961581
31.59375 0.519257647461243
31.6015625 0.51925764995041
31.609375 0.519257652429127
31.6171875 0.519257654897438
31.625 0.519257657355386
31.6328125 0.519257659803014
31.640625 0.519257662240367
31.6484375 0.519257664667487
31.65625 0.519257667084417
31.6640625 0.519257669491199
31.671875 0.519257671887878
31.6796875 0.519257674274494
31.6875 0.519257676651091
31.6953125 0.51925767901771
31.703125 0.519257681374393
31.7109375 0.519257683721182
31.71875 0.519257686058119
31.7265625 0.519257688385244
31.734375 0.519257690702599
31.7421875 0.519257693010226
31.75 0.519257695308164
31.7578125 0.519257697596454
31.765625 0.519257699875138
31.7734375 0.519257702144255
31.78125 0.519257704403845
31.7890625 0.519257706653949
31.796875 0.519257708894607
31.8046875 0.519257711125857
31.8125 0.51925771334774
31.8203125 0.519257715560295
31.828125 0.51925771776356
31.8359375 0.519257719957576
31.84375 0.519257722142381
31.8515625 0.519257724318013
31.859375 0.519257726484511
31.8671875 0.519257728641913
31.875 0.519257730790258
31.8828125 0.519257732929583
31.890625 0.519257735059927
31.8984375 0.519257737181327
31.90625 0.519257739293821
31.9140625 0.519257741397445
31.921875 0.519257743492238
31.9296875 0.519257745578237
31.9375 0.519257747655477
31.9453125 0.519257749723997
31.953125 0.519257751783833
31.9609375 0.51925775383502
31.96875 0.519257755877597
31.9765625 0.519257757911597
31.984375 0.519257759937059
31.9921875 0.519257761954017
32 0.519257763962506
Total steps: 16384
